smiles,molecule_chembl_id,pIC50,n_stereocenters,undefined_stereo
C#Cc1c(F)ccc2cc(O)cc(-c3ncc4c(N5CC6CCC(C5)N6)nc(OCC56CCCN5CCC6)nc4c3F)c12,CHEMBL4867851,9.221848749616356,2,True
C#Cc1c(F)ccc2cc(O)cc(-c3ncc4c(N5CC6CCC(C5)N6)nc(OC[C@@]56CCCN5C[C@H](F)C6)nc4c3F)c12,CHEMBL4858364,9.397940008672037,4,True
C#Cc1c(F)ccc2cc(O)cc(-c3ncc4c(N5CC6CCC(C5)N6)nc(OC[C@]56CCCN5[C@@H](COC(=O)N(C)C)CC6)nc4c3F)c12,CHEMBL5977600,8.586315363473087,4,True
C#Cc1c(F)ccc2cc(O)cc(-c3ncc4c(N5CCCC6(CCO6)C5)nc(OC[C@@]56CCCN5C[C@H](F)C6)nc4c3F)c12,CHEMBL5273122,9.0,3,True
C#Cc1c(F)ccc2cc(O)cc(-c3ncc4c(N5C[C@H]6CC[C@@H](C5)N6)nc(OC[C@@]56CCCN5C[C@H](F)C6)nc4c3F)c12,CHEMBL5081048,8.56246936830415,4,False
C#Cc1c(F)ccc2cccc(-c3ncc4c(N5CC6CCC(C5)N6)nc(OCC56CCCN5CCC6)nc4c3F)c12,CHEMBL5187854,8.459506476544556,2,True
C#Cc1c(F)ccc2cccc(-c3ncc4c(N5CC6CCC(C5)N6)nc(OC[C@]56CCCN5[C@@H](COC(=O)N(C)C)CC6)nc4c3F)c12,CHEMBL5996049,8.645365019512084,4,True
C#Cc1cccc2cc(O)cc(-c3ncc4c(N5CC6CCC(C5)N6)nc(OCC56CCCN5CCC6)nc4c3F)c12,CHEMBL4863339,9.522878745280337,2,True
C#Cc1cccc2cc(O)cc(-c3ncc4c(N5CC6CCC(C5)N6)nc(OC[C@@]56CCCN5C[C@H](F)C6)nc4c3F)c12,CHEMBL4876040,9.397940008672037,4,True
C#Cc1cccc2cc(O)cc(-c3ncc4c(N5CC6CCC(C5)N6)nc(OC[C@@]56CCCN5C[C@H](OC)C6)nc4c3F)c12,CHEMBL5762802,8.548455006504028,4,True
C#Cc1cccc2cccc(-c3ncc4c(N5CC6CCC(C5)N6)ncnc4c3F)c12,CHEMBL5896075,5.71669877129645,2,True
C#Cc1cccc2cncc(-c3ncc4c(N5CC6CCC(C5)N6)nc(OCC56CCCN5C[C@@H](F)C6)nc4c3F)c12,CHEMBL5844159,7.434704474018313,4,True
C=CCO[C@H]1CCN2C(=O)C(NC(=O)C(CCCN=C(N)N)NC(=O)C(CCCNC(=N)N)NC(C)=O)CSSCC(C(=O)NC(CCCNC(=N)N)C(=O)NC(CCCNC(=N)N)C(N)=O)NC(=O)C(C(C)C)NC(=O)C3CCCN3C(=O)C(CC(=O)O)NC(=O)C(Cc3ccc(O)cc3)NC(=O)C(CO)NC(=O)C([C@@H](C)CC)NC(=O)C(Cc3ccc(-c4ccccc4)cc3)NC(=O)C(CC3CCC3)NC(=O)C12,CHEMBL5203513,8.698970004336019,17,True
C=CCO[C@H]1CCN2C(=O)C(NC(=O)C(CCCN=C(N)N)NC(=O)C(CCCNC(=N)N)NC(C)=O)CSSCC(C(=O)NC(CCCNC(=N)N)C(=O)NC(CCCNC(=N)N)C(N)=O)NC(=O)C(C(C)C)NC(=O)C3CCCN3C(=O)C(CC(=O)O)NC(=O)C(Cc3ccc(O)cc3)NC(=O)C(CO)NC(=O)C([C@@H](C)CC)NC(=O)C(Cc3ccc(-c4ccccc4)cc3)NC(=O)C12,CHEMBL5205422,9.0,16,True
CC(=O)N1CCC(Oc2nc(N3CC4CCC(C3)N4)c3cnc(-c4cc(O)cc5ccccc45)c(F)c3n2)CC1,CHEMBL5801037,6.446116973356125,2,True
CC(=O)NC(CCCN=C(N)N)C(=O)NC(CCCNC(=N)N)C(=O)NC(CCCNC(=N)N)C(=O)NC(CCCNC(=N)N)C(=O)NC1CSSCC(C(=O)NC(CCCNC(=N)N)C(=O)NC(CCCNC(=N)N)C(=O)NC(CCCNC(=N)N)C(=O)NC(CCCNC(=N)N)C(N)=O)NC(=O)C(C(C)C)NC(=O)C2CCCN2C(=O)C(CC(=O)O)NC(=O)C(Cc2ccc(O)cc2)NC(=O)C(CO)NC(=O)C(C)NC(=O)C(Cc2ccc(O)cc2)NC(=O)C(CC(C)C)NC(=O)C2CCCN2C1=O,CHEMBL4075783,4.409922720273325,19,True
CC(C)(C)c1ccccc1-c1ncc2c(N3CC4CCC(C3)N4)nc(OC[C@@]34CCCN3C[C@H](F)C4)nc2c1F,CHEMBL5928288,5.9776435133581725,4,True
CC(C)(F)c1ccccc1-c1ncc2c(N3CC4CCC(C3)N4)nc(OC[C@@]34CCCN3C[C@H](F)C4)nc2c1F,CHEMBL5834246,6.251811972993799,4,True
CC(C)(N)COc1nc(N2CC3CCC(C2)N3)c2cnc(-c3cccc4cccc(Cl)c34)c(F)c2n1,CHEMBL5849129,6.273272790973428,2,True
CC(C)(O)c1ccccc1-c1ncc2c(N3CC4CCC(C3)N4)nc(OC[C@@]34CCCN3C[C@H](F)C4)nc2c1F,CHEMBL5739552,5.095933948085497,4,True
CC(C)Cc1ccccc1-c1ncc2c(N3CC4CCC(C3)N4)nc(OC[C@@]34CCCN3C[C@H](F)C4)nc2c1F,CHEMBL5870343,6.22548303427145,4,True
CC(C)Cn1ccnc1CCOc1nc(N2CC3CCC(C2)N3)c2cnc(-c3cc(O)cc4ccccc34)c(F)c2n1,CHEMBL5844637,6.342944147142896,2,True
CC(C)N1CCC[C@H]1COc1nc(N2CC3CCC(C2)N3)c2cnc(-c3cccc4cccc(Cl)c34)c(F)c2n1,CHEMBL6030504,5.830676149773368,3,True
CC(C)N1CCC[C@H]1COc1nc(N2CC3N[C@H](C[C@H]3O)C2)c2cnc(-c3cccc4cccc(Cl)c34)c(F)c2n1,CHEMBL5748610,6.459785613496658,4,True
CC(C)Oc1ccccc1-c1ncc2c(N3CC4CCC(C3)N4)nc(OC[C@@]34CCCN3C[C@H](F)C4)nc2c1F,CHEMBL6015684,5.710857164067667,4,True
CC(C)c1c(Cl)cc(O)cc1-c1ncc2c(N3CC4CCC(C3)N4)nc(OC[C@@]34CCCN3C[C@H](F)C4)nc2c1F,CHEMBL5798369,8.064213532227061,4,True
CC(C)c1c(F)cc(O)cc1-c1ncc2c(N3CC4CCC(C3)N4)nc(OC[C@@]34CCCN3C[C@H](F)C4)nc2c1F,CHEMBL5792008,7.818194010053928,4,True
CC(C)c1c(F)cccc1-c1ncc2c(N3CC4CCC(C3)N4)nc(OCC34CCCN3CCC4)nc2c1F,CHEMBL5822200,6.8794260687941495,2,True
CC(C)c1cccc(C(C)C)c1-c1ncc2c(N3CC4CCC(C3)N4)nc(OC[C@@]34CCCN3C[C@H](F)C4)nc2c1F,CHEMBL6013001,5.6020599913279625,4,True
CC(C)c1ccccc1-c1ncc2c(N3CC4CCC(C3)N4)nc(OCC34CCCN3CCC4)nc2c1F,CHEMBL5975644,6.688246138944246,2,True
CC(C)c1ccccc1-c1ncc2c(N3CC4CCC(C3)N4)nc(OCC34CCCN3C[C@H](F)C4)nc2c1F,CHEMBL6053648,6.959065422078572,4,True
CC(C)c1ccncc1-c1ncc2c(N3CC4CCC(C3)N4)nc(OCC34CCCN3CCC4)nc2c1F,CHEMBL5803323,6.585026652029182,2,True
CC(C)c1ncccc1-c1ncc2c(N3CC4CCC(C3)N4)nc(OCC34CCCN3CCC4)nc2c1F,CHEMBL5974392,5.499763525174361,2,True
CC(C)c1ncccc1-c1ncc2c(N3CC4CCC(C3)N4)nc(OC[C@@]34CCCN3C[C@H](F)C4)nc2c1F,CHEMBL5902578,5.110866444033276,4,True
CC(Oc1nc(N2CC3CCC(C2)N3)c2cnc(-c3cc(O)cc4ccccc34)c(F)c2n1)C1CCCN1C,CHEMBL5919623,5.8941493256148565,4,True
CC(Oc1nc(N2CC3CCC(C2)N3)c2cnc(-c3cccc4cccc(F)c34)c(F)c2n1)C12CCCN1CCC2,CHEMBL6020482,7.431798275933005,3,True
CC(c1ccccc1)N1CCN(C(=O)c2csc3c(=O)[nH]c(-c4ccccn4)nc23)CC1,CHEMBL6051970,4.688246138944246,1,True
CC1(C)CN2C[C@H](F)CC2(COc2nc(N3CC4CCC(C3)N4)c3cnc(-c4cccc5cccc(Cl)c45)c(F)c3n2)C1,CHEMBL6031895,6.85078088734462,4,True
CC1(N)CN(c2nc(N3CC4CCC(C3)N4)c3cnc(-c4cccc5cccc(Cl)c45)c(F)c3n2)C1,CHEMBL5841841,6.175223537524454,2,True
CC1(c2ccccc2-c2ncc3c(N4CC5CCC(C4)N5)nc(OCC45CCCN4CCC5)nc3c2F)CC1,CHEMBL5955588,6.435333935747911,2,True
CC1CCCc2cccc(-c3ncc4c(N5CC6CCC(C5)N6)nc(OC[C@@H]5CCCN5C)nc4c3F)c21,CHEMBL6029519,6.500019109798047,4,True
CC1CCN(CC2NC(=O)C(CCCN=C(N)N)NC(=O)C(Cc3ccccc3)NC(=O)C(CC(N)=O)NC(=O)C(CCCNC(=N)N)NC(=O)C(Cc3ccccc3)NC(=O)C(CC(N)=O)NC(=O)C(C(C)C)NC(=O)C(Cc3ccccc3)NC(=O)C(Cc3ccc(O)cc3)NC(=O)CSC[C@@H](CNCC(N)=O)NC(=O)C(CCCNC(=N)N)NC(=O)C(Cc3ccccc3)NC2=O)CC1,CHEMBL5201714,6.096910013008056,13,True
CC1CCc2cccc(-c3ncc4c(N5CC6CCC(C5)N6)nc(OC[C@@]56CCCN5C[C@H](F)C6)nc4c3F)c21,CHEMBL5880902,6.751701211838146,5,True
CC1CN(c2ccccc2)CCN1C(=O)c1csc2c(=O)[nH]c(-c3ccccn3)nc12,CHEMBL5878920,5.1249387366083,1,True
CCC#Cc1cccc2cccc(-c3ncc4c(N5CC6CCC(C5)N6)nc(OCC56CCCN5CCC6)nc4c3F)c12,CHEMBL5762355,7.0851281824599495,2,True
CCC(C)c1ccccc1-c1ncc2c(N3CC4CCC(C3)N4)nc(OCC34CCCN3CCC4)nc2c1F,CHEMBL5849451,6.114638779968487,3,True
CCC1(N)CN(c2nc(N3CC4CCC(C3)N4)c3cnc(-c4cccc5cccc(Cl)c45)c(F)c3n2)C1,CHEMBL5826560,6.300162274132754,2,True
CCCC1NC(=O)C(Cc2ccc(-c3ccccc3)cc2)NC(=O)C(CC(C)C)NC(=O)C2CCCN2C(=O)C(NC(=O)C(CCCN=C(N)N)NC(=O)C(CCCNC(=N)N)NC(C)=O)CSSCC(C(=O)NC(CCCNC(=N)N)C(=O)NC(CCCNC(=N)N)C(N)=O)NC(=O)C(C(C)C)NC(=O)C2CCCN2C(=O)C(CC(=O)O)NC(=O)C(Cc2ccc(O)cc2)NC(=O)C(CO)NC1=O,CHEMBL5193586,6.218963061378869,15,True
CCCCCC1NC(=O)C2CCCN2C(=O)C(CC(=O)O)NC(=O)C(Cc2ccc(O)cc2)NC(=O)C(CO)NC(=O)C([C@@H](C)CC)NC(=O)C(Cc2ccc(-c3ccccc3)cc2)NC(=O)C(CC(C)C)NC(=O)C2CCCN2C(=O)C(NC(=O)C(CCCN=C(N)N)NC(=O)C(CCCNC(=N)N)NC(C)=O)CSSCC(C(=O)NC(CCCNC(=N)N)C(=O)NC(CCCNC(=N)N)C(N)=O)NC1=O,CHEMBL5200027,8.301029995663981,16,True
CCCCCC1NC(=O)C2C[C@H](OCC(=O)O)CN2C(=O)C(CC(=O)O)NC(=O)C(Cc2ccc(O)cc2)NC(=O)C(CO)NC(=O)C([C@@H](C)CC)NC(=O)C(Cc2ccc(-c3ccccc3)cc2)NC(=O)C(CC(C)C)NC(=O)C2CCCN2C(=O)C(NC(=O)C(CCCN=C(N)N)NC(=O)C(CCCNC(=N)N)NC(C)=O)CSSCC(C(=O)NC(CCCNC(=N)N)C(=O)NC(CCCNC(=N)N)C(N)=O)NC1=O,CHEMBL5198497,7.638272163982407,17,True
CCCOc1nc(N2CC3CCC(C2)N3)c2cnc(-c3cc(O)cc4ccccc34)c(F)c2n1,CHEMBL5826328,5.96439233385011,2,True
CCCc1ccccc1-c1ncc2c(N3CC4CCC(C3)N4)nc(OCC34CCCN3CCC4)nc2c1F,CHEMBL5749495,6.527243550682788,2,True
CCN1CCC[C@H]1COc1nc(N2CC3CCC(C2)N3)c2cnc(-c3cc(O)cc4ccccc34)c(F)c2n1,CHEMBL5785241,5.9673812391492795,3,True
CCNc1c(F)cccc1-c1ncc2c(N3CC4CCC(C3)N4)nc(OCC34CCCN3CCC4)nc2c1F,CHEMBL5989132,5.39383368539238,2,True
CCO[C@@H]1C[C@@H](COc2nc(N3CC4CCC(C3)N4)c3cnc(-c4cccc5cccc(Cl)c45)c(F)c3n2)N(C)C1,CHEMBL5771492,6.174395506644396,4,True
CC[C@H](C)C1NC(=O)C(C)NC(=O)C(CC(C)C)NC(=O)C2CCCN2C(=O)C(NC(=O)C(CCCN=C(N)N)NC(=O)C(CCCNC(=N)N)NC(=O)C(CCCNC(=N)N)NC(=O)C(CCCNC(=N)N)NC(C)=O)CSSCC(C(=O)NC(CCCNC(=N)N)C(=O)NC(CCCNC(=N)N)C(=O)NC(CCCNC(=N)N)C(=O)NC(CCCNC(=N)N)C(N)=O)NC(=O)C(C(C)C)NC(=O)C2CCCN2C(=O)C(CC(=O)O)NC(=O)C(Cc2ccc(O)cc2)NC(=O)C(CO)NC1=O,CHEMBL4063829,7.008864383480216,20,True
CC[C@H](C)C1NC(=O)C(CC2CCCCC2)NC(=O)C(CC(C)C)NC(=O)C2CCCN2C(=O)C(NC(=O)C(CCCN=C(N)N)NC(=O)C(CCCNC(=N)N)NC(C)=O)CSSCC(C(=O)NC(CCCNC(=N)N)C(=O)NC(CCCNC(=N)N)C(N)=O)NC(=O)C(C(C)C)NC(=O)C2CCCN2C(=O)C(CC(=O)O)NC(=O)C(Cc2ccc(O)cc2)NC(=O)C(CO)NC1=O,CHEMBL5173458,6.79317412396815,16,True
CC[C@H](C)C1NC(=O)C(CCc2ccccc2)NC(=O)C(CC(C)C)NC(=O)C2CCCN2C(=O)C(NC(=O)C(CCCN=C(N)N)NC(=O)C(CCCNC(=N)N)NC(C)=O)CSSCC(C(=O)NC(CCCNC(=N)N)C(=O)NC(CCCNC(=N)N)C(N)=O)NC(=O)C(C(C)C)NC(=O)C2CCCN2C(=O)C(CC(=O)O)NC(=O)C(Cc2ccc(O)cc2)NC(=O)C(CO)NC1=O,CHEMBL5176360,5.857923538926715,16,True
CC[C@H](C)C1NC(=O)C(Cc2ccc(-c3ccccc3)cc2)C(=O)C(COC)NC(=O)C2CCCN2C(=O)C(NC(=O)C(CCCN=C(N)N)NC(=O)C(CCCNC(=N)N)NC(C)=O)CSSCC(C(=O)NC(CCCNC(=N)N)C(=O)NC(CCCNC(=N)N)C(N)=O)NC(=O)C(C(C)C)NC(=O)C2CCCN2C(=O)C(CC(=O)O)NC(=O)C(Cc2ccc(O)cc2)NC(=O)C(CO)NC1=O,CHEMBL5206709,5.945770090136603,16,True
CC[C@H](C)C1NC(=O)C(Cc2ccc(-c3ccccc3)cc2)NC(=O)C(CC(C)C)NC(=O)C2CCCN2C(=O)C(NC(=O)C(CCCN=C(N)N)NC(=O)C(CCCNC(=N)N)NC(C)=O)CSSCC(C(=O)NC(CCCNC(=N)N)C(=O)NC(CCCNC(=N)N)C(N)=O)NC(=O)C(C(C)C)NC(=O)C2CCCN2C(=O)C(CC(=O)O)NC(=O)C(Cc2ccc(O)cc2)NC(=O)C(CO)NC1=O,CHEMBL5169881,8.154901959985743,16,True
CC[C@H](C)C1NC(=O)C(Cc2ccc(-c3ccccc3)cc2)NC(=O)C(CC(C)C)NC(=O)C2CCCN2C(=O)C(NC(=O)C(CCCN=C(N)N)NC(=O)C(CCCNC(=N)N)NC(C)=O)CSSCC(C(=O)NC(CCCNC(=N)N)C(=O)NC(CCCNC(=N)N)C(N)=O)NC(=O)C(C(C)C)NC(=O)C2CC[C@@H](c3ccccc3)N2C(=O)C(CC(=O)O)NC(=O)C(Cc2ccc(O)cc2)NC(=O)C(CO)NC1=O,CHEMBL5193444,7.026872146400302,17,True
CC[C@H](C)C1NC(=O)C(Cc2ccc(-c3ccccc3)cc2)NC(=O)C(CC(C)C)NC(=O)C2CCCN2C(=O)C(NC(=O)C(CCCN=C(N)N)NC(=O)C(CCCNC(=N)N)NC(C)=O)CSSCC(C(=O)NC(CCCNC(=N)N)C(=O)NC(CCCNC(=N)N)C(N)=O)NC(=O)C(CC2CCCCC2)NC(=O)C2C[C@H](OCC(=O)O)CN2C(=O)C(CC(=O)O)NC(=O)C(Cc2ccc(O)cc2)NC(=O)C(CO)NC1=O,CHEMBL5200054,7.6020599913279625,17,True
CC[C@H](C)C1NC(=O)C(Cc2ccc(-c3ccccc3)cc2)NC(=O)C(CC(C)C)NC(=O)C2CCCN2C(=O)C(NC(=O)C(CCCN=C(N)N)NC(=O)C(CCCNC(=N)N)NC(C)=O)CSSCC(C(=O)NC(CCCNC(=N)N)C(=O)NC(CCCNC(=N)N)C(N)=O)NC(=O)C(CCC#N)NC(=O)C2CCCN2C(=O)C(CC(=O)O)NC(=O)C(Cc2ccc(O)cc2)NC(=O)C(CO)NC1=O,CHEMBL5170078,7.619788758288394,16,True
CC[C@H](C)C1NC(=O)C(Cc2ccc(-c3ccccc3)cc2)NC(=O)C(CC(C)C)NC(=O)C2CCCN2C(=O)C(NC(=O)C(CCCN=C(N)N)NC(=O)C(CCCNC(=N)N)NC(C)=O)CSSCC(C(=O)NC(CCCNC(=N)N)C(=O)NC(CCCNC(=N)N)C(N)=O)NC(=O)C(CCCC(=O)O)NC(=O)C2[C@@H](C)CCN2C(=O)C(CC(=O)O)NC(=O)C(Cc2ccc(O)cc2)NC(=O)C(CO)NC1=O,CHEMBL5185153,7.366531544420414,17,True
CC[C@H](C)C1NC(=O)C(Cc2ccc(-c3ccccc3)cc2)NC(=O)C(CC(C)C)NC(=O)C2CCCN2C(=O)C(NC(=O)C(CCCN=C(N)N)NC(=O)C(CCCNC(=N)N)NC(C)=O)CSSCC(C(=O)NC(CCCNC(=N)N)C(=O)NC(CCCNC(=N)N)C(N)=O)NC(=O)C(Cc2ccc(Cl)cc2)NC(=O)C2C[C@H](OCC(=O)O)CN2C(=O)C(CC(=O)O)NC(=O)C(Cc2ccc(O)cc2)NC(=O)C(CO)NC1=O,CHEMBL5185461,7.481486060122112,17,True
CC[C@H](C)C1NC(=O)C(Cc2ccc(-c3ccccc3)cc2)NC(=O)C(CC(C)C)NC(=O)C2[C@@H](c3ccccc3)CCN2C(=O)C(NC(=O)C(CCCN=C(N)N)NC(=O)C(CCCNC(=N)N)NC(C)=O)CSSCC(C(=O)NC(CCCNC(=N)N)C(=O)NC(CCCNC(=N)N)C(N)=O)NC(=O)C(C(C)C)NC(=O)C2CCCN2C(=O)C(CC(=O)O)NC(=O)C(Cc2ccc(O)cc2)NC(=O)C(CO)NC1=O,CHEMBL5172805,9.0,17,True
CC[C@H](C)C1NC(=O)C(Cc2ccc(-c3ccccc3)cc2)NC(=O)C(CC(C)C)NC(=O)C2[C@H]3CC[C@H](C3)N2C(=O)C(NC(=O)C(CCCN=C(N)N)NC(=O)C(CCCNC(=N)N)NC(C)=O)CSSCC(C(=O)NC(CCCNC(=N)N)C(=O)NC(CCCNC(=N)N)C(N)=O)NC(=O)C(C(C)C)NC(=O)C2CCCN2C(=O)C(CC(=O)O)NC(=O)C(Cc2ccc(O)cc2)NC(=O)C(CO)NC1=O,CHEMBL5204036,6.6968039425795105,18,True
CC[C@H](C)C1NC(=O)C(Cc2ccc(-c3ccccc3)cc2)NC(=O)C(CC2CCC2)NC(=O)C2[C@@H](c3ccccc3)CCN2C(=O)C(NC(=O)C(CCCN=C(N)N)NC(=O)C(CCCNC(=N)N)NC(C)=O)CSSCC(C(=O)NC(CCCNC(=N)N)C(=O)NC(CCCNC(=N)N)C(N)=O)NC(=O)C(C(C)C)NC(=O)C2CCCN2C(=O)C(CC(=O)O)NC(=O)C(Cc2ccc(O)cc2)NC(=O)C(CO)NC1=O,CHEMBL5171215,8.154901959985743,17,True
CC[C@H](C)C1NC(=O)C(Cc2ccc(-c3ccccc3)cc2)NC(=O)C(Cc2ccccc2)NC(=O)C2[C@@H](c3ccccc3)CCN2C(=O)C(NC(=O)C(CCCN=C(N)N)NC(=O)C(CCCNC(=N)N)NC(C)=O)CSSCC(C(=O)NC(CCCNC(=N)N)C(=O)NC(CCCNC(=N)N)C(N)=O)NC(=O)C(C(C)C)NC(=O)C2CCCN2C(=O)C(CC(=O)O)NC(=O)C(Cc2ccc(O)cc2)NC(=O)C(CO)NC1=O,CHEMBL5176621,7.698970004336019,17,True
CC[C@H](C)C1NC(=O)C(Cc2ccc(O)cc2)NC(=O)C(C)NC(=O)C2CCCN2C(=O)C(NC(=O)C(CCCN=C(N)N)NC(=O)C(CCCNC(=N)N)NC(=O)C(CCCNC(=N)N)NC(=O)C(CCCNC(=N)N)NC(C)=O)CSSCC(C(=O)NC(CCCNC(=N)N)C(=O)NC(CCCNC(=N)N)C(=O)NC(CCCNC(=N)N)C(=O)NC(CCCNC(=N)N)C(N)=O)NC(=O)C(C(C)C)NC(=O)C2CCCN2C(=O)C(CC(=O)O)NC(=O)C(Cc2ccc(O)cc2)NC(=O)C(CO)NC1=O,CHEMBL4084139,5.747146969020107,20,True
CC[C@H](C)C1NC(=O)C(Cc2ccc(O)cc2)NC(=O)C(CC(C)C)NC(=O)C(C)NC(=O)C(NC(=O)C(CCCN=C(N)N)NC(=O)C(CCCNC(=N)N)NC(=O)C(CCCNC(=N)N)NC(=O)C(CCCNC(=N)N)NC(C)=O)CSSCC(C(=O)NC(CCCNC(=N)N)C(=O)NC(CCCNC(=N)N)C(=O)NC(CCCNC(=N)N)C(=O)NC(CCCNC(=N)N)C(N)=O)NC(=O)C(C(C)C)NC(=O)C2CCCN2C(=O)C(CC(=O)O)NC(=O)C(Cc2ccc(O)cc2)NC(=O)C(CO)NC1=O,CHEMBL4075048,7.242858976069812,20,True
CC[C@H](C)C1NC(=O)C(Cc2ccc(O)cc2)NC(=O)C(CC(C)C)NC(=O)C2CCCN2C(=O)C(NC(=O)C(CCCN=C(N)N)NC(=O)C(CCCNC(=N)N)NC(=O)C(CCCNC(=N)N)NC(=O)C(CCCNC(=N)N)NC(C)=O)CSC2=C(SCC(C(=O)NC(CCCNC(=N)N)C(=O)NC(CCCNC(=N)N)C(=O)NC(CCCNC(=N)N)C(=O)NC(CCCNC(=N)N)C(N)=O)NC(=O)C(C(C)C)NC(=O)C3CCCN3C(=O)C(CC(=O)O)NC(=O)C(Cc3ccc(O)cc3)NC(=O)C(CO)NC1=O)C(=O)NC2=O,CHEMBL4089137,7.137452739459265,20,True
CC[C@H](C)C1NC(=O)C(Cc2ccc(O)cc2)NC(=O)C(CC(C)C)NC(=O)C2CCCN2C(=O)C(NC(=O)C(CCCN=C(N)N)NC(=O)C(CCCNC(=N)N)NC(=O)C(CCCNC(=N)N)NC(=O)C(CCCNC(=N)N)NC(C)=O)CSCCCSCC(C(=O)NC(CCCNC(=N)N)C(=O)NC(CCCNC(=N)N)C(=O)NC(CCCNC(=N)N)C(=O)NC(CCCNC(=N)N)C(N)=O)NC(=O)C(C(C)C)NC(=O)C2CCCN2C(=O)C(CC(=O)O)NC(=O)C(Cc2ccc(O)cc2)NC(=O)C(CO)NC1=O,CHEMBL4099289,7.0197646112328504,20,True
CC[C@H](C)C1NC(=O)C(Cc2ccc(O)cc2)NC(=O)C(CC(C)C)NC(=O)C2CCCN2C(=O)C(NC(=O)C(CCCN=C(N)N)NC(=O)C(CCCNC(=N)N)NC(=O)C(CCCNC(=N)N)NC(=O)C(CCCNC(=N)N)NC(C)=O)CSCCSCC(C(=O)NC(CCCNC(=N)N)C(=O)NC(CCCNC(=N)N)C(=O)NC(CCCNC(=N)N)C(=O)NC(CCCNC(=N)N)C(N)=O)NC(=O)C(C(C)C)NC(=O)C2CCCN2C(=O)C(CC(=O)O)NC(=O)C(Cc2ccc(O)cc2)NC(=O)C(CO)NC1=O,CHEMBL4081270,7.207664807767825,20,True
CC[C@H](C)C1NC(=O)C(Cc2ccc(O)cc2)NC(=O)C(CC(C)C)NC(=O)C2CCCN2C(=O)C(NC(=O)C(CCCN=C(N)N)NC(=O)C(CCCNC(=N)N)NC(=O)C(CCCNC(=N)N)NC(=O)C(CCCNC(=N)N)NC(C)=O)CSCSCC(C(=O)NC(CCCNC(=N)N)C(=O)NC(CCCNC(=N)N)C(=O)NC(CCCNC(=N)N)C(=O)NC(CCCNC(=N)N)C(N)=O)NC(=O)C(C(C)C)NC(=O)C2CCCN2C(=O)C(CC(=O)O)NC(=O)C(Cc2ccc(O)cc2)NC(=O)C(CO)NC1=O,CHEMBL4091553,7.832773124424534,20,True
CC[C@H](C)C1NC(=O)C(Cc2ccc(O)cc2)NC(=O)C(CC(C)C)NC(=O)C2CCCN2C(=O)C(NC(=O)C(CCCN=C(N)N)NC(=O)C(CCCNC(=N)N)NC(=O)C(CCCNC(=N)N)NC(=O)C(CCCNC(=N)N)NC(C)=O)CSCc2ccccc2CSCC(C(=O)NC(CCCNC(=N)N)C(=O)NC(CCCNC(=N)N)C(=O)NC(CCCNC(=N)N)C(=O)NC(CCCNC(=N)N)C(N)=O)NC(=O)C(C(C)C)NC(=O)C2CCCN2C(=O)C(CC(=O)O)NC(=O)C(Cc2ccc(O)cc2)NC(=O)C(CO)NC1=O,CHEMBL4060952,5.756416666322119,20,True
CC[C@H](C)C1NC(=O)C(Cc2ccc(O)cc2)NC(=O)C(CC(C)C)NC(=O)C2CCCN2C(=O)C(NC(=O)C(CCCN=C(N)N)NC(=O)C(CCCNC(=N)N)NC(=O)C(CCCNC(=N)N)NC(=O)C(CCCNC(=N)N)NC(C)=O)CSSCC(C(=O)NC(CCCNC(=N)N)C(=O)NC(CCCNC(=N)N)C(=O)NC(CCCNC(=N)N)C(=O)NC(CCCNC(=N)N)C(N)=O)NC(=O)C(C(C)C)NC(=O)C(C)NC(=O)C(CC(=O)O)NC(=O)C(Cc2ccc(O)cc2)NC(=O)C(CO)NC1=O,CHEMBL4083770,8.349702258055018,20,True
CC[C@H](C)C1NC(=O)C(Cc2ccc(O)cc2)NC(=O)C(CC(C)C)NC(=O)C2CCCN2C(=O)C(NC(=O)C(CCCN=C(N)N)NC(=O)C(CCCNC(=N)N)NC(=O)C(CCCNC(=N)N)NC(=O)C(CCCNC(=N)N)NC(C)=O)CSSCC(C(=O)NC(CCCNC(=N)N)C(=O)NC(CCCNC(=N)N)C(=O)NC(CCCNC(=N)N)C(=O)NC(CCCNC(=N)N)C(N)=O)NC(=O)C(C(C)C)NC(=O)C2CCCN2C(=O)C(C)NC(=O)C(Cc2ccc(O)cc2)NC(=O)C(CO)NC1=O,CHEMBL4074790,4.812479279163537,20,True
CC[C@H](C)C1NC(=O)C(Cc2ccc(O)cc2)NC(=O)C(CC(C)C)NC(=O)C2CCCN2C(=O)C(NC(=O)C(CCCN=C(N)N)NC(=O)C(CCCNC(=N)N)NC(=O)C(CCCNC(=N)N)NC(=O)C(CCCNC(=N)N)NC(C)=O)CSSCC(C(=O)NC(CCCNC(=N)N)C(=O)NC(CCCNC(=N)N)C(=O)NC(CCCNC(=N)N)C(=O)NC(CCCNC(=N)N)C(N)=O)NC(=O)C(C(C)C)NC(=O)C2CCCN2C(=O)C(CC(=O)O)NC(=O)C(C)NC(=O)C(CO)NC1=O,CHEMBL4062018,6.903215099838691,20,True
CC[C@H](C)C1NC(=O)C(Cc2ccc(O)cc2)NC(=O)C(CC(C)C)NC(=O)C2CCCN2C(=O)C(NC(=O)C(CCCN=C(N)N)NC(=O)C(CCCNC(=N)N)NC(=O)C(CCCNC(=N)N)NC(=O)C(CCCNC(=N)N)NC(C)=O)CSSCC(C(=O)NC(CCCNC(=N)N)C(=O)NC(CCCNC(=N)N)C(=O)NC(CCCNC(=N)N)C(=O)NC(CCCNC(=N)N)C(N)=O)NC(=O)C(C(C)C)NC(=O)C2CCCN2C(=O)C(CC(=O)O)NC(=O)C(Cc2ccc(O)cc2)NC(=O)C(C)NC1=O,CHEMBL4081818,7.929118384862106,20,True
CC[C@H](C)C1NC(=O)C(Cc2ccc(O)cc2)NC(=O)C(CC(C)C)NC(=O)C2CCCN2C(=O)C(NC(=O)C(CCCN=C(N)N)NC(=O)C(CCCNC(=N)N)NC(=O)C(CCCNC(=N)N)NC(=O)C(CCCNC(=N)N)NC(C)=O)CSSCC(C(=O)NC(CCCNC(=N)N)C(=O)NC(CCCNC(=N)N)C(=O)NC(CCCNC(=N)N)C(=O)NC(CCCNC(=N)N)C(N)=O)NC(=O)C(C(C)C)NC(=O)C2CCCN2C(=O)C(CC(=O)O)NC(=O)C(Cc2ccc(O)cc2)NC(=O)C(CO)NC1=O,CHEMBL4082777,7.881740721341103,20,True
CC[C@H](C)C1NC(=O)C(Cc2ccc(O)cc2)NC(=O)C(CC(C)C)NC(=O)C2CCCN2C(=O)C(NC(=O)C(CCCN=C(N)N)NC(=O)C(CCCNC(=N)N)NC(=O)C(CCCNC(=N)N)NC(=O)C(CCCNC(=N)N)NC(C)=O)CSSCC(C(=O)NC(CCCNC(=N)N)C(=O)NC(CCCNC(=N)N)C(=O)NC(CCCNC(=N)N)C(=O)NC(CCCNC(=N)N)C(N)=O)NC(=O)C(C)NC(=O)C2CCCN2C(=O)C(CC(=O)O)NC(=O)C(Cc2ccc(O)cc2)NC(=O)C(CO)NC1=O,CHEMBL4070657,7.785527854982213,20,True
CC[C@H](C)C1NC(=O)C(Cc2ccc(O)cc2)NC(=O)C(CC(C)C)NC(=O)C2CCCN2C(=O)C(NC(=O)C(CCCN=C(N)N)NC(=O)C(CCCNC(=N)N)NC(C)=O)CSSCC(C(=O)NC(CCCNC(=N)N)C(=O)NC(CCCNC(=N)N)C(N)=O)NC(=O)C(C(C)C)NC(=O)C2CCCN2C(=O)C(CC(=O)O)NC(=O)C(C(c2ccccc2)c2ccccc2)NC(=O)C(CO)NC1=O,CHEMBL5195518,6.600326278518962,16,True
CC[C@H](C)C1NC(=O)C(Cc2ccc(O)cc2)NC(=O)C(CC(C)C)NC(=O)C2CCCN2C(=O)C(NC(=O)C(CCCN=C(N)N)NC(=O)C(CCCNC(=N)N)NC(C)=O)CSSCC(C(=O)NC(CCCNC(=N)N)C(=O)NC(CCCNC(=N)N)C(N)=O)NC(=O)C(C(C)C)NC(=O)C2CCCN2C(=O)C(CC(=O)O)NC(=O)C(CC2CCCCC2)NC(=O)C(CO)NC1=O,CHEMBL5204425,5.831502516476967,16,True
CC[C@H](C)C1NC(=O)C(Cc2ccc(O)cc2)NC(=O)C(CC(C)C)NC(=O)C2CCCN2C(=O)C(NC(=O)C(CCCN=C(N)N)NC(=O)C(CCCNC(=N)N)NC(C)=O)CSSCC(C(=O)NC(CCCNC(=N)N)C(=O)NC(CCCNC(=N)N)C(N)=O)NC(=O)C(C(C)C)NC(=O)C2CCCN2C(=O)C(CC(=O)O)NC(=O)C(Cc2cc(F)c(F)c(F)c2)NC(=O)C(CO)NC1=O,CHEMBL5192424,6.714442690992226,16,True
CC[C@H](C)C1NC(=O)C(Cc2ccc(O)cc2)NC(=O)C(CC(C)C)NC(=O)C2CCCN2C(=O)C(NC(=O)C(CCCN=C(N)N)NC(=O)C(CCCNC(=N)N)NC(C)=O)CSSCC(C(=O)NC(CCCNC(=N)N)C(=O)NC(CCCNC(=N)N)C(N)=O)NC(=O)C(C(C)C)NC(=O)C2CCCN2C(=O)C(CC(=O)O)NC(=O)C(Cc2ccc(O)cc2)NC(=O)C(CO)NC1=O,CHEMBL5189659,7.267606240177031,16,True
CC[C@H](C)C1NC(=O)C(Cc2ccc(O)cc2)NC(=O)C(CC(C)C)NC(=O)C2CCCN2C(=O)C(NC(=O)C(CCCN=C(N)N)NC(=O)C(CCCNC(=N)N)NC(C)=O)CSSCC(C(=O)NC(CCCNC(=N)N)C(=O)NC(CCCNC(=N)N)C(N)=O)NC(=O)C(C(C)C)NC(=O)C2CCCN2C(=O)C(CC(=O)O)NC(=O)C(Cc2ccc(O)cc2)NC(=O)C(Cc2cscn2)NC1=O,CHEMBL5181204,5.644165504115064,16,True
CCc1c(F)ccc2cc(O)cc(-c3ncc4c(N5CC(O)CC6(CC6)C5)nc(OC[C@@]56CCCN5C[C@H](F)C6)nc4c3F)c12,CHEMBL5289987,8.84948500216801,3,True
CCc1c(F)ccc2cc(O)cc(-c3ncc4c(N5CC6CCC(C5)N6)nc(OCC56CCCN5CCC6)nc4c3F)c12,CHEMBL5840711,8.82682351277468,2,True
CCc1c(F)ccc2cc(O)cc(-c3ncc4c(N5CC6CCC(C5)N6)nc(OC[C@@]56CCCN5C[C@H](F)C6)nc4c3F)c12,CHEMBL4863371,9.096910013008056,4,True
CCc1c(F)ccc2cc(O)cc(-c3ncc4c(N5CC6CCC(C5)N6)nc(OC[C@]56CCCN5[C@@H](COC(=O)N(C)C)CC6)nc4c3F)c12,CHEMBL5829922,8.844123069472122,4,True
CCc1c(F)ccc2cc(O)cc(-c3ncc4c(N5CCCC6(CC(=O)N6)C5)nc(OC[C@@]56CCCN5C[C@H](F)C6)nc4c3F)c12,CHEMBL5276699,8.84948500216801,3,True
CCc1c(F)ccc2cc(O)cc(-c3ncc4c(N5CCCC6(CCO6)C5)nc(OC[C@@]56CCCN5C[C@H](F)C6)nc4c3C)c12,CHEMBL5275926,8.198970004336019,3,True
CCc1c(F)ccc2cc(O)cc(-c3ncc4c(N5CCCC6(CCO6)C5)nc(OC[C@@]56CCCN5C[C@H](F)C6)nc4c3F)c12,CHEMBL5279240,8.610924374808178,3,True
CCc1c(F)ccc2cc(O)cc(-c3ncc4c(N5CCCC6(CNC(=O)O6)C5)nc(OC[C@@]56CCCN5C[C@H](F)C6)nc4c3F)c12,CHEMBL5267786,9.0,3,True
CCc1cccc2cc(O)cc(-c3ncc4c(N5CC6CCC(C5)N6)nc(OC[C@@]56CCCN5C[C@H](F)C6)nc4c3F)c12,CHEMBL6048506,8.752922702990778,4,True
CCc1cccc2cc(O)cc(-c3ncc4c(N5CC6CCC(C5)N6)nc(OC[C@]56CCCN5[C@@H](COC(=O)N(C)C)CC6)nc4c3F)c12,CHEMBL6028889,8.664413578642458,4,True
CCc1cccc2cc(O)cc(-c3ncc4c(N5CC6CCC(C5)N6)nc(OC[C@]56CCCN5[C@@H](COC(=O)NC)CC6)nc4c3F)c12,CHEMBL5828205,8.205136871872881,4,True
CCc1cccc2cc(O)cc(-c3ncc4c(N5CC6CCC(C5)N6)ncnc4c3F)c12,CHEMBL6049217,7.1487416512809245,2,True
CCc1cccc2cc(O)cc(-c3ncc4c(N5CCCC6(CC(O)C6)C5)nc(OC[C@@]56CCCN5C[C@H](F)C6)nc4c3F)c12,CHEMBL5286301,8.84948500216801,2,False
CCc1cccc2cc(O)cc(-c3ncc4c(N5CCCC6(CCO6)C5)nc(OC[C@@]56CCCN5C[C@H](F)C6)nc4c3F)c12,CHEMBL5279657,8.610924374808178,3,True
CCc1cccc2cc(O)cc(-c3ncc4c(N5C[C@H]6CC[C@@H](C5)N6)nc(OC[C@@H]5CCCN5C)nc4c3F)c12,CHEMBL5569441,8.236572006437063,3,False
CCc1cccc2cccc(-c3ncc4c(N5CC6CCC(C5)N6)nc(OC[C@]56CCCN5[C@@H](COC(=O)N5CCOCC5)CC6)nc4c3F)c12,CHEMBL5860569,7.991441575280593,4,True
CCc1cccc2cccc(-c3ncc4c(N5CC6CCC(C5)N6)nc(OC[C@]56CCCN5[C@@H](COC(=O)NC)CC6)nc4c3F)c12,CHEMBL6042399,7.847970266891201,4,True
CCc1cccc2cncc(-c3ncc4c(N5CC6CCC(C5)N6)nc(OCC56CCCN5C[C@H](F)C6)nc4c3F)c12,CHEMBL6028944,7.027443042879595,4,True
CCc1ccccc1-c1ncc2c(N3CC4CCC(C3)N4)nc(OCC34CCCN3CCC4)nc2c1F,CHEMBL5830939,6.71669877129645,2,True
CCn1ccc2cccc(-c3ncc4c(N5CC6CCC(C5)N6)nc(OCC56CCCN5CCC6)nc4c3F)c21,CHEMBL5910271,6.57756082223146,2,True
CCn1nc(C)cc1-c1csc2c(=O)[nH]c(-c3ccccn3)nc12,CHEMBL5774607,4.688246138944246,0,False
CN(C)C1(C)CN(c2nc(N3CC4CCC(C3)N4)c3cnc(-c4cccc5cccc(Cl)c45)c(F)c3n2)C1,CHEMBL5823031,6.600326278518962,2,True
CN(C)C1CN(c2nc(N3CC4CCC(C3)N4)c3cnc(-c4cc(O)cc5ccccc45)c(F)c3n2)C1,CHEMBL5090412,6.609919141951041,2,True
CN(C)C1CN(c2nc(N3CC4CCC(C3)N4)c3cnc(-c4cccc5cccc(Cl)c45)c(F)c3n2)C1,CHEMBL5938712,5.486116814388907,2,True
CN(C)CC1(COc2nc(N3CC4CCC(C3)N4)c3cc(F)c(-c4cc(O)cc5ccccc45)c(F)c3n2)CC1,CHEMBL4852554,8.292429823902063,2,True
CN(C)CC1(COc2nc3c(c(N4CC5CCC(C4)N5)n2)CCN(c2cc(O)cc4cccc(Br)c24)C3)CC1(F)F,CHEMBL4878409,8.013228265733755,3,True
CN(C)CC1(COc2nc3c(c(N4CC5CCC(C4)N5)n2)CCN(c2cc(O)cc4cccc(I)c24)C3)CC1,CHEMBL4849611,9.154901959985743,2,True
CN(C)CCOc1nc(N2CC3CCC(C2)N3)c2cnc(-c3cc(O)cc4ccccc34)c(F)c2n1,CHEMBL6007543,6.270767498402249,2,True
CN(C)CCOc1nc(N2CC3CCC(C2)N3)c2cnc(-c3cccc4cccc(Cl)c34)c(F)c2n1,CHEMBL5913765,5.674074044228534,2,True
CN(C)Cc1[nH]c2ccccc2c1[C@H]1NC(=O)c2ccc(O)cc21,CHEMBL4796065,4.481486060122113,1,False
CN(C)Cc1ccc(COCCNC(=O)O[C@@H]2C[C@@H](COc3nc(N4CC5CCC(C4)N5)c4cnc(-c5cccc6cccc(Cl)c56)c(F)c4n3)N(C)C2)cc1,CHEMBL5855600,6.931814138253838,4,True
CN(C)Cc1ccc(F)c(-c2csc3c(=O)[nH]c(-c4ccccn4)nc23)c1,CHEMBL5900980,4.688246138944246,0,False
CN(C)c1ccccc1-c1ncc2c(N3CC4CCC(C3)N4)nc(OCC34CCCN3CCC4)nc2c1F,CHEMBL5793285,6.011398015115194,2,True
CN(C)c1nc(N2CC3CCC(C2)N3)c2cnc(-c3cc(O)cc4ccccc34)c(F)c2n1,CHEMBL5838776,5.700928739972591,2,True
CN1CC(COc2nc(N3CC4CCC(C3)N4)c3cnc(-c4cccc5cccc(Cl)c45)c(F)c3n2)CC1=O,CHEMBL5797725,6.372634143407268,3,True
CN1CCC(F)(COc2nc(N3CC4CCC(C3)N4)c3cnc(-c4cccc5cccc(Cl)c45)c(F)c3n2)CC1,CHEMBL5909135,6.226945306635738,2,True
CN1CCCC1(CO)COc1nc(N2CC3CCC(C2)N3)c2cnc(-c3cccc4ccccc34)c(F)c2n1,CHEMBL5983158,5.772370350428991,3,True
CN1CCCC1COc1nc(N2CC3CCC(C2)N3)c2cnc(-c3cncc4cccc(Cl)c34)c(F)c2n1,CHEMBL5826781,6.411168274405792,3,True
CN1CCC[C@H]1CCOc1nc(N2CC3CCC(C2)N3)c2cnc(-c3cc(O)cc4ccccc34)c(F)c2n1,CHEMBL5929593,5.0906579616386916,3,True
CN1CCC[C@H]1COc1nc(N2CC3CCC(C(N)=O)(C2)N3)c2cnc(-c3cc(O)cc4ccccc34)c(F)c2n1,CHEMBL5989236,6.480172006224281,3,True
CN1CCC[C@H]1COc1nc(N2CC3CCC(C2)N3)c2cc(Cl)c(-c3ccc(F)c4sc(N)c(C#N)c34)c(F)c2n1,CHEMBL5430198,8.886056647693163,3,True
CN1CCC[C@H]1COc1nc(N2CC3CCC(C2)N3)c2cnc(-c3cc(O)c(Br)c4ccccc34)c(F)c2n1,CHEMBL5808083,6.22307571356708,3,True
CN1CCC[C@H]1COc1nc(N2CC3CCC(C2)N3)c2cnc(-c3cc(O)cc4ccccc34)c(Cl)c2n1,CHEMBL5975993,6.228744323946058,3,True
CN1CCC[C@H]1COc1nc(N2CC3CCC(C2)N3)c2cnc(-c3cc(O)cc4ccccc34)cc2n1,CHEMBL5899736,6.201770180543397,3,True
CN1CCC[C@H]1COc1nc(N2CC3CCC(C2)N3)c2cnc(-c3cccc4c3C(C)(C)CC4)c(F)c2n1,CHEMBL5972293,6.5638373529592435,3,True
CN1CCC[C@H]1COc1nc(N2CC3CCC(C2)N3)c2cnc(-c3cccc4c3C3(CC4)CC3)c(F)c2n1,CHEMBL5986609,6.169411331314856,3,True
CN1CCC[C@H]1COc1nc(N2CC3CCC(C2)N3)c2cnc(-c3cccc4c3CCCC4)c(F)c2n1,CHEMBL5932864,6.580044251510242,3,True
CN1CCC[C@H]1COc1nc(N2CC3CCC(C2)N3)c2cnc(-c3cccc4ccc(F)c(Cl)c34)c(F)c2n1,CHEMBL5807259,6.556267308394387,3,True
CN1CCC[C@H]1COc1nc(N2CC3CCC(C2)N3)c2cnc(-c3cccc4ccc(F)cc34)c(F)c2n1,CHEMBL5819579,6.913640169325252,3,True
CN1CCC[C@H]1COc1nc(N2CC3CCC(C2)N3)c2cnc(-c3cccc4cccc(C#CCO)c34)c(F)c2n1,CHEMBL6022871,6.821023052706831,3,True
CN1CCC[C@H]1COc1nc(N2CC3CCC(C2)N3)c2cnc(-c3cccc4cccc(C#N)c34)c(F)c2n1,CHEMBL5940803,6.647817481888637,3,True
CN1CCC[C@H]1COc1nc(N2CC3CCC(C2)N3)c2cnc(-c3cccc4cccc(CCC#N)c34)cc2n1,CHEMBL5789006,6.135488918941608,3,True
CN1CCC[C@H]1COc1nc(N2CC3CCC(C2)N3)c2cnc(-c3cccc4cccc(Cl)c34)c(F)c2n1,CHEMBL5854165,6.405087169730173,3,True
CN1CCC[C@H]1COc1nc(N2CC3CCC(C2)N3)c2cnc(-c3cccc4cccc(Cl)c34)cc2n1,CHEMBL5759871,6.122628654130226,3,True
CN1CCC[C@H]1COc1nc(N2CC3CCC(C2)N3)c2cnc(-c3cccc4ccccc34)c(F)c2n1,CHEMBL5986167,6.1598939055432425,3,True
CN1CCC[C@H]1COc1nc(N2CC3CCC(Cl)(C2)N3)c2cnc(-c3cc(O)cc4ccccc34)c(F)c2n1,CHEMBL5892737,6.04001142755264,3,True
CN1CC[C@@H](Oc2nc(N3CC4CCC(C3)N4)c3cnc(-c4cccc5cccc(Cl)c45)c(F)c3n2)C1,CHEMBL5909652,5.703115524461452,3,True
CN1CC[C@H](COc2nc(N3CC4CCC(C3)N4)c3cnc(-c4cccc5cccc(Cl)c45)c(F)c3n2)C1,CHEMBL5782564,6.3585258894959,3,True
CN1CC[C@H](Oc2cccc(S(=O)(=O)F)c2)[C@H]1COc1nc(N2CC3CCC(C2)N3)c2cnc(-c3cccc4cccc(Cl)c34)c(F)c2n1,CHEMBL5789297,5.262409833714278,4,True
CN1CC[C@H](Oc2nc(N3CC4CCC(C3)N4)c3cnc(-c4cccc5cccc(Cl)c45)c(F)c3n2)C1,CHEMBL5756810,5.785951320588058,3,True
CN1CCc2cccc(Oc3nc(N4CC5CCC(C4)N5)c4cnc(-c5cccc6cccc(Cl)c56)c(F)c4n3)c2C1,CHEMBL5969346,5.204119982655925,2,True
CN1C[C@H](C(F)(F)F)C[C@H]1COc1nc(N2CC3CCC(C2)N3)c2cnc(-c3cc(O)cc4ccccc34)c(F)c2n1,CHEMBL6054816,4.930479899164774,4,True
CN1C[C@H](F)C[C@H]1COc1nc(N2CC3CCC(C2)N3)c2cnc(-c3cc(O)cc4ccccc34)c(F)c2n1,CHEMBL5783210,6.341575313175694,4,True
CN1C[C@H](F)C[C@H]1COc1nc(N2CC3CCC(C2)N3)c2cnc(-c3cccc4cccc(Cl)c34)c(F)c2n1,CHEMBL5829177,5.890543802316759,4,True
CN1C[C@H](F)C[C@H]1COc1nc2c(c(N3CC4CCC(C3)N4)n1)CCN(c1cc(O)cc3cccc(Br)c13)C2,CHEMBL4853619,7.732828271596986,4,True
CN1C[C@H](NC(=O)c2ccc(C=O)cc2)C[C@H]1COc1nc(N2CC3CCC(C2)N3)c2cnc(-c3cccc4cccc(Cl)c34)c(F)c2n1,CHEMBL5865092,6.47755576649368,4,True
CN1C[C@H](NC(=O)c2cccc(C=O)c2)C[C@H]1COc1nc(N2CC3CCC(C2)N3)c2cnc(-c3cccc4cccc(Cl)c34)c(F)c2n1,CHEMBL6021311,6.434152181326482,4,True
CN1C[C@H](NC(=O)c2cccc(S(=O)(=O)F)c2)C[C@H]1COc1nc(N2CC3CCC(C2)N3)c2cnc(-c3cccc4cccc(Cl)c34)c(F)c2n1,CHEMBL6050012,5.771552619603618,4,True
CN1C[C@H](NC(=O)c2ccccc2C=O)C[C@H]1COc1nc(N2CC3CCC(C2)N3)c2cnc(-c3cccc4cccc(Cl)c34)c(F)c2n1,CHEMBL5991829,6.060480747381382,4,True
CN1C[C@H](OC(=O)NCCOCc2ccc(O)cc2)C[C@H]1COc1nc(N2CC3CCC(C2)N3)c2cnc(-c3cccc4cccc(Cl)c34)c(F)c2n1,CHEMBL5999313,6.97061622231479,4,True
CN1C[C@H](Oc2ccc(S(=O)(=O)F)cc2)C[C@H]1COc1nc(N2CC3CCC(C2)N3)c2cnc(-c3cccc4cccc(Cl)c34)c(F)c2n1,CHEMBL5857134,5.561141340579438,4,True
CN1C[C@H](Oc2cccc(S(=O)(=O)F)c2)C[C@H]1COc1nc(N2CC3CCC(C2)N3)c2cnc(-c3cccc4cccc(Cl)c34)c(F)c2n1,CHEMBL5816552,5.735890843694191,4,True
CNC(=O)OC[C@H]1CC[C@@]2(COc3nc(N4CC5CCC(C4)N5)c4cnc(-c5cccc6cccc(Cl)c56)c(F)c4n3)CCCN12,CHEMBL6037037,7.566030674554607,4,True
CNC(=O)O[C@@H]1CN2CCC[C@]2(COc2nc(N3CC4CCC(C3)N4)c3cnc(-c4cccc5cccc(Cl)c45)c(F)c3n2)C1,CHEMBL6034191,6.64460125952183,4,True
CNC(C)COc1nc(N2CC3CCC(C2)N3)c2cnc(-c3cccc4cccc(Cl)c34)c(F)c2n1,CHEMBL6001538,5.405386490839902,3,True
CNc1c(F)cccc1-c1ncc2c(N3CC4CCC(C3)N4)nc(OCC34CCCN3CCC4)nc2c1F,CHEMBL5923701,5.810790510417694,2,True
CNc1nc(N2CC3CCC(C2)N3)c2cnc(-c3cc(O)cc4ccccc34)c(F)c2n1,CHEMBL5986499,5.842641366103566,2,True
COC(=O)NC[C@H]1CC[C@@]2(COc3nc(N4CC5CCC(C4)N5)c4cnc(-c5cccc6cccc(Cl)c56)c(F)c4n3)CCCN12,CHEMBL5941525,6.948697402936716,4,True
COC1CN2CCCC2(COc2nc(N3CC4CCC(C3)N4)c3cnc(-c4cc(O)cc5cccc(F)c45)c(F)c3n2)C1,CHEMBL4876243,9.221848749616356,4,True
COCCCN1CCC(Oc2nc(N3CC4CCC(C3)N4)c3cnc(-c4cc(O)cc5ccccc45)c(F)c3n2)CC1,CHEMBL5884483,6.1462894786384386,2,True
COCCCOc1nc(N2CC3CCC(C2)N3)c2cnc(-c3cc(O)cc4ccccc34)c(F)c2n1,CHEMBL5990636,5.856607114533681,2,True
COCCNC(=O)O[C@@H]1C[C@@H](COc2nc(N3CC4CCC(C3)N4)c3cnc(-c4cccc5cccc(Cl)c45)c(F)c3n2)N(C)C1,CHEMBL5864164,6.107200990986173,4,True
COCCOc1nc(N2CC3CCC(C2)N3)c2cnc(-c3cc(O)cc4ccccc34)c(F)c2n1,CHEMBL5754583,6.448550002027124,2,True
COCc1cccc2cccc(-c3ncc4c(N5CC6CCC(C5)N6)nc(OC[C@@]56CCCN5C[C@H](F)C6)nc4c3F)c12,CHEMBL5803462,6.623423042943488,4,True
CO[C@@H]1C[C@@H](COc2nc(N3CC4CCC(C3)N4)c3cnc(-c4cccc5cccc(Cl)c45)c(F)c3n2)N(C)C1,CHEMBL5913499,6.122795250179656,4,True
CO[C@@H]1C[C@@H]2CN(c3nc(OC[C@@]45CCCN4C[C@H](F)C5)nc4c(F)c(-c5cccc6cccc(Cl)c56)ncc34)C[C@H]1N2,CHEMBL6013556,6.052076380168273,5,False
CO[C@H](C)COc1nc(N2CC3CCC(C2)N3)c2cnc(-c3cccc4cccc(Cl)c34)c(F)c2n1,CHEMBL5795672,5.093234110459273,3,True
CO[C@H]1CC(COc2nc(N3CC4CCC(C3)N4)c3cnc(-c4cccc5cccc(Cl)c45)c(F)c3n2)N(C)C1,CHEMBL5961984,6.060480747381382,4,True
CO[C@H]1CN[C@H](COc2nc(N3CC4CCC(C3)N4)c3cnc(-c4cccc5cccc(Cl)c45)c(F)c3n2)C1,CHEMBL5798338,7.023191662661934,4,True
COc1c(C)cccc1-c1ncc2c(N3CC4CCC(C3)N4)nc(OCC34CCCN3CCC4)nc2c1F,CHEMBL5963446,6.636388020107855,2,True
COc1c(Cl)cccc1-c1ncc2c(N3CC4CCC(C3)N4)nc(OCC34CCCN3CCC4)nc2c1F,CHEMBL5954685,6.8696662315049934,2,True
COc1cc(-c2ncc3c(N4CC5CCC(C4)N5)nc(OC[C@@]45CCCN4C[C@H](F)C5)nc3c2F)c2ccccc2c1,CHEMBL5792486,5.511026475273492,4,True
COc1ccc(CCOc2nc(N3CC4CCC(C3)N4)c3cnc(-c4cccc5cccc(Cl)c45)c(F)c3n2)cn1,CHEMBL5818796,5.101274818410507,2,True
COc1ccc(OC(F)(F)F)c(-c2ncc3c(N4CC5CCC(C4)N5)nc(OC[C@@]45CCCN4C[C@H](F)C5)nc3c2F)c1,CHEMBL6026808,5.568636235841012,4,True
COc1cccc(C2CN(C(=O)c3csc4c(=O)[nH]c(-c5ccccn5)nc34)CCN2)c1,CHEMBL6048725,4.688246138944246,1,True
COc1ccccc1-c1ncc2c(N3CC4CCC(C3)N4)nc(OCC34CCCN3CCC4)nc2c1F,CHEMBL5808884,5.872571222148402,2,True
COc1ccccc1C1CN(C(=O)c2csc3c(=O)[nH]c(-c4ccccn4)nc23)CCO1,CHEMBL5741814,4.688246138944246,1,True
COc1cccnc1CCOc1nc(N2CC3CCC(C2)N3)c2cnc(-c3cc(O)cc4ccccc34)c(F)c2n1,CHEMBL5999795,5.287266140930049,2,True
COc1nc(N2CC3CCC(C2)N3)c2cnc(-c3cc(O)cc4ccccc34)c(F)c2n1,CHEMBL5875276,6.061980902523789,2,True
CS(=O)(=O)c1cccc(C(=O)N2CCCc3c2[nH]c(-c2ccccn2)nc3=O)c1,CHEMBL5756840,5.1249387366083,0,False
CSc1cccc2cc(O)cc(-c3ncc4c(N5CC6CCC(C5)N6)nc(OCC56CCCN5C[C@H](F)C6)nc4c3F)c12,CHEMBL5889261,8.566856330457902,4,True
CSc1ccccc1-c1ncc2c(N3CC4CCC(C3)N4)nc(OCC34CCCN3CCC4)nc2c1F,CHEMBL5835902,6.694648630553376,2,True
C[C@@H]1C[C@H]1c1c(Cl)cc(O)cc1-c1ncc2c(N3CC4CCC(C3)N4)nc(OC[C@@]34CCCN3C[C@H](F)C4)nc2c1F,CHEMBL5897986,8.431639716421797,6,True
C[C@@H]1C[C@H]1c1ccccc1-c1ncc2c(N3CC4CCC(C3)N4)nc(OCC34CCCN3CCC4)nc2c1F,CHEMBL6001924,6.229147988357855,4,True
C[C@H](CN(C)C)Oc1nc(N2CC3CCC(C2)N3)c2cnc(-c3cc(O)cc4ccccc34)c(F)c2n1,CHEMBL5870307,6.176525770829699,3,True
C[C@H](N)COc1nc(N2CC3CCC(C2)N3)c2cnc(-c3cccc4cccc(Cl)c34)c(F)c2n1,CHEMBL6004770,6.458420756053419,3,True
C[C@H]1C[C@@H]1c1ccccc1-c1ncc2c(N3CC4CCC(C3)N4)nc(OCC34CCCN3CCC4)nc2c1F,CHEMBL5985025,6.661543506395395,4,True
C[C@H]1C[C@H]1c1ccccc1-c1ncc2c(N3CC4CCC(C3)N4)nc(OCC34CCCN3CCC4)nc2c1F,CHEMBL5888364,6.0678403279984705,4,True
Cc1c(CCOc2nc(N3CC4CCC(C3)N4)c3cnc(-c4cc(O)cc5ccccc45)c(F)c3n2)[nH]c2ccccc12,CHEMBL6009459,5.698276242592698,2,True
Cc1c(F)cccc1-c1ncc2c(N3CC4CCC(C3)N4)nc(OCC34CCCN3CCC4)nc2c1F,CHEMBL5768450,6.207608310501746,2,True
Cc1cc(-c2ncc3c(N4CC5CCC(C4)N5)nc(OCC45CCCN4CCC5)nc3c2F)c2c(Cl)cccc2c1,CHEMBL5938991,7.195179321278838,2,True
Cc1cc(-c2ncc3c(N4CC5CCC(C4)N5)nc(OC[C@@]45CCCN4C[C@H](F)C5)nc3c2F)c2c[nH]nc2c1,CHEMBL5934017,6.1791420105603,4,True
Cc1cc(N)nc(-c2c(Cl)cc3c(N4CC5CCC(C4)N5)nc(OCC45CCCN4CCC5)nc3c2F)c1C(F)(F)F,CHEMBL5410069,8.67778070526608,2,True
Cc1cc(N)nc(-c2c(Cl)cc3c(N4CC5CCC(C4)N5)nc(OC[C@@H]4CCCN4C)nc3c2F)c1C(F)(F)F,CHEMBL5418527,8.455931955649724,3,True
Cc1cc(N)nc(-c2c(Cl)cc3c(N4CC5CCC(C4)N5)nc(OC[C@@]45CCCN4C[C@H](F)C5)nc3c2F)c1C(F)(F)F,CHEMBL5410609,8.67778070526608,4,True
Cc1cc(N)nc(-c2c(Cl)cc3c(N4CCNC[C@@H]4C)nc(OC[C@@H]4CCCN4C)nc3c2F)c1C(F)(F)F,CHEMBL5424715,7.114073660198569,2,False
Cc1cc2sc(N)nc2c(-c2ncc3c(N4CC5CCC(C4)N5)nc(OCC45CCCN4CCC5)nc3c2F)c1C,CHEMBL5772356,6.015022873584506,2,True
Cc1cc2sc(N)nc2c(-c2ncc3c(N4CC5CCC(C4)N5)nc(OC[C@@]45CCCN4C[C@H](F)C5)nc3c2F)c1C,CHEMBL5891155,6.323306390375134,4,True
Cc1ccc(O)cc1-c1ncc2c(N3CC4CCC(C3)N4)nc(OCC34CCCN3CCC4)nc2c1F,CHEMBL5985734,7.87942606879415,2,True
Cc1ccc2[nH]ncc2c1-c1ncc2c(N3CC4CCC(C3)N4)nc(OCC34CCCN3CCC4)nc2c1F,CHEMBL5810384,6.785156151952302,2,True
Cc1ccc2[nH]ncc2c1-c1ncc2c(N3CC4CCC(C3)N4)nc(OCC34CCCN3C[C@H](F)C4)nc2c1F,CHEMBL5952349,5.954313562954242,4,True
Cc1ccc2[nH]ncc2c1-c1ncc2c(N3CC4CCC(C3)N4)nc(OCCc3nccn3C)nc2c1F,CHEMBL5785200,5.153601026965325,2,True
Cc1ccc2c(-c3ncc4c(N5CC6CCC(C5)N6)nc(OC[C@@H]5CCCN5C)nc4c3F)cccc2c1,CHEMBL5927937,5.309183942019084,3,True
Cc1ccc2cccc(-c3ncc4c(N5CC6CCC(C5)N6)nc(OC[C@@H]5CCCN5C)nc4c3F)c2c1,CHEMBL5911561,6.212539525481585,3,True
Cc1ccc2sc(N)nc2c1-c1ncc2c(N3CC4CCC(C3)N4)nc(OCC34CCCN3CCC4)nc2c1F,CHEMBL6040613,6.844663962534938,2,True
Cc1cccc(-c2ncc3c(N4CC5CCC(C4)N5)nc(OCC45CCCN4CCC5)nc3c2F)c1C(C)C,CHEMBL5824370,6.476611405716882,2,True
Cc1cccc(CCOc2nc(N3CC4CCC(C3)N4)c3cnc(-c4cc(O)cc5ccccc45)c(F)c3n2)n1,CHEMBL6020931,5.623709060233063,2,True
Cc1cccc(O)c1-c1ncc2c(N3CC4CCC(C3)N4)nc(OC[C@@]34CCCN3C[C@H](F)C4)nc2c1F,CHEMBL5999616,6.379863945026242,4,True
Cc1cccc(OCC(=O)Nc2n[nH]c(-c3ccccn3)n2)c1,CHEMBL5866398,5.1249387366083,0,False
Cc1cccc2cc(O)cc(N3CCc4c(nc(OCC5(CN6CCOCC6)CC5)nc4N4CC5CCC(C4)N5)C3)c12,CHEMBL4857517,8.494850021680094,2,True
Cc1cccc2cccc(-c3cc4nc(OC[C@@H]5CCCN5C)nc(N5CC6CCC(C5)N6)c4cn3)c12,CHEMBL5910304,5.842241113953136,3,True
Cc1cccc2cccc(-c3ncc4c(N5CC6CCC(C5)N6)nc(OCCc5cccnc5)nc4c3F)c12,CHEMBL6036025,5.09248115389337,2,True
Cc1cccc2cccc(-c3ncc4c(N5CC6CCC(C5)N6)nc(OCCc5nccn5C)nc4c3F)c12,CHEMBL6024631,5.709965388637482,2,True
Cc1cccc2cccc(-c3ncc4c(N5CC6CCC(C5)N6)nc(OC[C@@H]5CCCN5C)nc4c3F)c12,CHEMBL5990291,6.585026652029182,3,True
Cc1ccccc1-c1ncc2c(N3CC4CCC(C3)N4)nc(OCC34CCCN3CCC4)nc2c1F,CHEMBL5965852,5.928486194904911,2,True
Cc1cccnc1CCOc1nc(N2CC3CCC(C2)N3)c2cnc(-c3cc(O)cc4ccccc34)c(F)c2n1,CHEMBL6019240,5.650566598146801,2,True
Cc1nccn1CCOc1nc(N2C[C@H]3C[C@@H](O)[C@@H](C2)N3)c2cnc(-c3cccc4cccc(Cl)c34)c(F)c2n1,CHEMBL5814841,5.718967108939831,3,False
Clc1cccc2cccc(-c3ccc4c(N5CC6CCC(C5)N6)nc(OCCCN5C[C@@H]6C[C@H]5CO6)nc4c3)c12,CHEMBL5822939,6.430626090384954,4,True
Cn1cc(CCOc2nc(N3CC4CCC(C3)N4)c3cnc(-c4cccc5cccc(Cl)c45)c(F)c3n2)cn1,CHEMBL5919294,5.640923773940737,2,True
Cn1ccc(CCOc2nc(N3CC4CCC(C3)N4)c3cnc(-c4cccc5cccc(Cl)c45)c(F)c3n2)n1,CHEMBL5874325,5.300856312605516,2,True
Cn1ccc(COc2nc(N3CC4CCC(C3)N4)c3cnc(-c4cc(O)cc5ccccc45)c(F)c3n2)n1,CHEMBL5944472,5.817585347565446,2,True
Cn1ccc2cccc(-c3ncc4c(N5CC6CCC(C5)N6)nc(OCC56CCCN5CCC6)nc4c3F)c21,CHEMBL5871976,6.447331783887806,2,True
Cn1ccnc1CCOc1nc(N2CC3CCC(C2)N3)c2cnc(-c3cccc4ccc(F)cc34)c(F)c2n1,CHEMBL5975193,6.1438755557577,2,True
Cn1ccnc1CCOc1nc(N2CC3CCC(C2)N3)c2cnc(-c3cccc4cccc(Cl)c34)c(F)c2n1,CHEMBL5842562,5.652902800492677,2,True
Cn1ccnc1CCOc1nc(N2CC3CCC(C2)N3)c2cnc(-c3cccc4ccccc34)c(F)c2n1,CHEMBL5774538,5.437469231137738,2,True
Cn1ccnc1COc1nc(N2CC3CCC(C2)N3)c2cnc(-c3cc(O)cc4ccccc34)c(F)c2n1,CHEMBL5903362,5.775725985705742,2,True
Cn1cnc(COc2nc(N3CC4CCC(C3)N4)c3cnc(-c4cc(O)cc5ccccc45)c(F)c3n2)c1,CHEMBL5896634,6.085656842880559,2,True
Cn1cnc(Cn2ccc3ccc(CNCc4[nH]c5ccccc5c4[C@H]4NC(=O)c5ccc(O)cc54)cc32)c1,CHEMBL4750445,6.346787486224656,1,False
Cn1cnc2ccc(Oc3nc(N4CC5CCC(C4)N5)c4cnc(-c5cccc6cccc(Cl)c56)c(F)c4n3)cc21,CHEMBL5876426,5.285670240254767,2,True
Cn1cncc1CCNc1nc(N2CC3CCC(C2)N3)c2cnc(-c3cc(O)cc4ccccc34)c(F)c2n1,CHEMBL5949842,6.55129368009492,2,True
Cn1cncc1CCOc1nc(N2CC3CCC(C2)N3)c2cnc(-c3cc(O)cc4ccccc34)c(F)c2n1,CHEMBL5787315,7.2403321553103694,2,True
Cn1cncc1COc1nc(N2CC3CCC(C2)N3)c2cnc(-c3cc(O)cc4ccccc34)c(F)c2n1,CHEMBL5904363,6.251037138743838,2,True
Cn1cnnc1CCOc1nc(N2CC3CCC(C2)N3)c2cnc(-c3cccc4cccc(Cl)c34)c(F)c2n1,CHEMBL6010058,5.184820869860582,2,True
Cn1nccc1CCOc1nc(N2CC3CCC(C2)N3)c2cnc(-c3cccc4cccc(Cl)c34)c(F)c2n1,CHEMBL5951742,5.769040444251431,2,True
Cn1nccc1COc1nc(N2CC3CCC(C2)N3)c2cnc(-c3cc(O)cc4ccccc34)c(F)c2n1,CHEMBL5773558,5.613682871544173,2,True
FCCCc1cccc2cccc(-c3ncc4c(N5CC6CCC(C5)N6)nc(OCC56CCCN5CCC6)nc4c3F)c12,CHEMBL5796080,7.116232841578702,2,True
Fc1c(-c2c(Cl)ccc3ccccc23)ncc2c(N3CC4CCC(C3)N4)nc(OCC34CCCN3CCC4)nc12,CHEMBL5805430,6.251037138743838,2,True
Fc1c(-c2cccc(C(F)(F)F)c2C(F)(F)F)ncc2c(N3CC4CCC(C3)N4)nc(OCC34CCCN3CCC4)nc12,CHEMBL5781677,7.000434511774017,2,True
Fc1c(-c2cccc(Cl)c2C(F)(F)F)ncc2c(N3CC4CCC(C3)N4)nc(OCC34CCCN3CCC4)nc12,CHEMBL6027140,7.037039851678104,2,True
Fc1c(-c2cccc(Cl)c2OC(F)(F)F)ncc2c(N3CC4CCC(C3)N4)nc(OCC34CCCN3CCC4)nc12,CHEMBL5791839,5.843753809602656,2,True
Fc1c(-c2cccc3c2C(C2CC2)CC3)ncc2c(N3CC4CCC(C3)N4)nc(OC[C@@]34CCCN3C[C@H](F)C4)nc12,CHEMBL5889230,6.630784142589857,5,True
Fc1c(-c2cccc3c2CC2CC32)ncc2c(N3CC4CCC(C3)N4)nc(OC[C@@]34CCCN3C[C@H](F)C4)nc12,CHEMBL4872788,7.696803942579511,6,True
Fc1c(-c2cccc3c2CCC3)ncc2c(N3CC4CCC(C3)N4)nc(OC[C@@]34CCCN3C[C@H](F)C4)nc12,CHEMBL5925566,6.096440803678929,4,True
Fc1c(-c2cccc3c2OC(F)(F)O3)ncc2c(N3CC4CCC(C3)N4)nc(OCC34CCCN3CCC4)nc12,CHEMBL6052717,6.330683119433887,2,True
Fc1c(-c2cccc3cccc(-c4c[nH]nn4)c23)ncc2c(N3CC4CCC(C3)N4)nc(OCC34CCCN3CCC4)nc12,CHEMBL5887792,7.118615343229427,2,True
Fc1c(-c2cccc3cccc(C(F)(F)F)c23)ncc2c(N3CC4CCC(C3)N4)nc(OC[C@@]34CCCN3C[C@H](F)C4)nc12,CHEMBL5962849,6.424931377940212,4,True
Fc1c(-c2cccc3cccc(Cl)c23)ncc2c(N3CC4CC(F)C(C3)N4)nc(OC[C@@]34CCCN3C[C@H](F)C4)nc12,CHEMBL5951297,5.88582407781214,5,True
Fc1c(-c2cccc3cccc(Cl)c23)ncc2c(N3CC4CCC(C3)N4)nc(N3CC4(CCN4)C3)nc12,CHEMBL6048017,5.783306400830245,2,True
Fc1c(-c2cccc3cccc(Cl)c23)ncc2c(N3CC4CCC(C3)N4)nc(OC3CCc4[nH]ncc4C3)nc12,CHEMBL6034474,5.053253064966415,3,True
Fc1c(-c2cccc3cccc(Cl)c23)ncc2c(N3CC4CCC(C3)N4)nc(OC3CCc4c[nH]nc4C3)nc12,CHEMBL5807611,5.340749531227339,3,True
Fc1c(-c2cccc3cccc(Cl)c23)ncc2c(N3CC4CCC(C3)N4)nc(OCC34CC(F)CN3CC(F)C4)nc12,CHEMBL5742538,6.155637605511785,4,True
Fc1c(-c2cccc3cccc(Cl)c23)ncc2c(N3CC4CCC(C3)N4)nc(OCC34CCCCN3CCC4)nc12,CHEMBL5751574,7.16304326294045,3,True
Fc1c(-c2cccc3cccc(Cl)c23)ncc2c(N3CC4CCC(C3)N4)nc(OCC34CCCN3CC(F)(F)C4)nc12,CHEMBL5893982,6.978810700930062,3,True
Fc1c(-c2cccc3cccc(Cl)c23)ncc2c(N3CC4CCC(C3)N4)nc(OCC34CCCN3CCOC4)nc12,CHEMBL5820584,6.638272163982407,3,True
Fc1c(-c2cccc3cccc(Cl)c23)ncc2c(N3CC4CCC(C3)N4)nc(OCC3COC3)nc12,CHEMBL5826867,5.725611204449621,2,True
Fc1c(-c2cccc3cccc(Cl)c23)ncc2c(N3CC4CCC(C3)N4)nc(OCCC3CC(F)(F)C3)nc12,CHEMBL5771327,5.388064374959877,2,True
Fc1c(-c2cccc3cccc(Cl)c23)ncc2c(N3CC4CCC(C3)N4)nc(OCCc3cccnc3)nc12,CHEMBL5745684,5.542723813938674,2,True
Fc1c(-c2cccc3cccc(Cl)c23)ncc2c(N3CC4CCC(C3)N4)nc(OCCc3cn4ccccc4n3)nc12,CHEMBL6014068,5.870310107800699,2,True
Fc1c(-c2cccc3cccc(Cl)c23)ncc2c(N3CC4CCC(C3)N4)nc(OCCn3cccn3)nc12,CHEMBL6031071,5.230918212881781,2,True
Fc1c(-c2cccc3cccc(Cl)c23)ncc2c(N3CC4CCC(C3)N4)nc(OC[C@@H]3CC(F)(F)CN3)nc12,CHEMBL6018222,6.073143291050307,3,True
Fc1c(-c2cccc3cccc(Cl)c23)ncc2c(N3CC4CCC(C3)N4)nc(OC[C@@H]3CCCN3Cc3ccccc3)nc12,CHEMBL5748017,6.029653123769906,3,True
Fc1c(-c2cccc3cccc(Cl)c23)ncc2c(N3CC4CCC(C3)N4)nc(OC[C@@H]3CCCO3)nc12,CHEMBL6048312,5.288108450119421,3,True
Fc1c(-c2cccc3cccc(Cl)c23)ncc2c(N3CC4CCC(C3)N4)nc(OC[C@@]34CCCN3C(CCl)CC4)nc12,CHEMBL6037946,6.26440110030182,4,True
Fc1c(-c2cccc3cccc(Cl)c23)ncc2c(N3CC4CCC(C3)N4)nc(OC[C@@]34CCCN3C[C@@H](C(F)(F)F)C4)nc12,CHEMBL6054826,7.675717544702307,4,True
Fc1c(-c2cccc3cccc(Cl)c23)ncc2c(N3CC4CCC(C3)N4)nc(OC[C@H]3CCCO3)nc12,CHEMBL5890558,5.579549140893931,3,True
Fc1c(-c2cccc3cccc(Cl)c23)ncc2c(N3CC4CCC(C3)N4)nc(OCc3cccn4ccnc34)nc12,CHEMBL6021642,5.703115524461452,2,True
Fc1c(-c2cccc3cccc(F)c23)ncc2c(N3CC4CCC(C3)N4)nc(CCC34CCCN3CCC4)nc12,CHEMBL5861605,5.795880017344075,2,True
Fc1c(-c2cccc3cccc(F)c23)ncc2c(N3CC4CCC(C3)N4)nc(OCC34CCCN3CCC4)nc12,CHEMBL5996378,7.308712340175257,2,True
Fc1c(-c2cccc3ccccc23)ncc2c(N3CC4CCC(C3)N4)nc(OC[C@@H]3CCCN3Cc3ccccc3)nc12,CHEMBL5794208,5.314975214894286,3,True
Fc1c(-c2cccc3scnc23)ncc2c(N3CC4CCC(C3)N4)nc(OCC34CCCN3CCC4)nc12,CHEMBL5933665,6.530177984021837,2,True
Fc1c(-c2ccccc2C(F)F)ncc2c(N3CC4CCC(C3)N4)nc(OCC34CCCN3CCC4)nc12,CHEMBL5764818,6.1598939055432425,2,True
Fc1c(-c2ccccc2C2CC2)ncc2c(N3CC4CCC(C3)N4)nc(OCC34CCCN3CCC4)nc12,CHEMBL5971110,6.117031006489879,2,True
Fc1c(-c2ccccc2C2CC2)ncc2c(N3CC4CCC(C3)N4)nc(OC[C@@]34CCCN3C[C@H](F)C4)nc12,CHEMBL6019893,6.7839966563652006,4,True
Fc1c(-c2ccccc2C2CCC2)ncc2c(N3CC4CCC(C3)N4)nc(OCC34CCCN3C[C@H](F)C4)nc12,CHEMBL6039258,6.404503778174426,4,True
Fc1c(-c2ccccc2CC(F)(F)F)ncc2c(N3CC4CCC(C3)N4)nc(OC[C@@]34CCCN3C[C@H](F)C4)nc12,CHEMBL5978325,6.232102383981909,4,True
Fc1c(-c2ccccc2Cl)ncc2c(N3CC4CCC(C3)N4)nc(OCC34CCCN3CCC4)nc12,CHEMBL6059887,6.252588192113577,2,True
Fc1c(-c2ccccc2Cl)ncc2c(N3CC4CCC(C3)N4)nc(OC[C@@]34CCCN3C[C@H](F)C4)nc12,CHEMBL5880284,6.0589857562944305,4,True
Fc1c(-c2ccccc2OC(F)(F)F)ncc2c(N3CC4CCC(C3)N4)nc(OCC34CCCN3CCC4)nc12,CHEMBL5941929,5.9314923599100755,2,True
Fc1c(-c2ccccc2OC(F)F)ncc2c(N3CC4CCC(C3)N4)nc(OCC34CCCN3CCC4)nc12,CHEMBL5751096,6.447331783887806,2,True
Fc1c(-c2ccccc2[C@@H]2C[C@H]2F)ncc2c(N3CC4CCC(C3)N4)nc(OCC34CCCN3CCC4)nc12,CHEMBL6018779,6.554395796726403,4,True
Fc1c(-c2cncc3cccc(Cl)c23)ncc2c(N3CC4CCC(C3)N4)nc(OCC34CCCN3C[C@@H](F)C4)nc12,CHEMBL6014620,6.60611997219289,4,True
Fc1c(-c2cnccc2C(F)(F)F)ncc2c(N3CC4CCC(C3)N4)nc(OC[C@@]34CCCN3C[C@H](F)C4)nc12,CHEMBL6043691,5.588717086982616,4,True
Fc1ccc2cccc(-c3ncc4c(N5CC6CCC(C5)N6)nc(OCCc5cccnc5)nc4c3F)c2c1,CHEMBL5832870,5.3472703039307525,2,True
Fc1cccc(-c2ncc3c(N4CC5CCC(C4)N5)nc(OCC45CCCN4CCC5)nc3c2F)c1C1CC1,CHEMBL5782738,6.6919303543456365,2,True
Fc1cccc(-c2ncc3c(N4CC5CCC(C4)N5)nc(OCC45CCCN4CCC5)nc3c2F)c1OC(F)F,CHEMBL5956536,6.530503106015463,2,True
Fc1ccccc1-c1ncc2c(N3CC4CCC(C3)N4)nc(OCC34CCCN3CCC4)nc2c1F,CHEMBL5850210,5.327994554977048,2,True
N#CC[C@@H]1C[C@@H]2CN(c3nc(OCC45CCCN4CCC5)nc4c(F)c(-c5cc(O)cc6ccccc56)ncc34)C[C@H]1N2,CHEMBL5975050,7.480172006224281,3,False
N#C[C@H]1CCN2CCC[C@@]12COc1nc(N2CC3CCC(C2)N3)c2cnc(-c3cccc4cccc(Cl)c34)c(F)c2n1,CHEMBL5745958,6.603800652904264,4,True
N#Cc1c(N)sc2c(F)ccc(-c3c(C(F)(F)F)cc4c(N5CC6CCC(C5)N6)nc(OC[C@@]56CCCN5C[C@H](F)C6)nc4c3F)c12,CHEMBL5408369,9.065501548756432,4,True
N#Cc1c(N)sc2c(F)ccc(-c3c(Cl)cc4c(N5CC6CCC(C5)N6)nc(OCC5(CN6CC[C@@H](F)C6)CC5)nc4c3F)c12,CHEMBL5405632,9.0,3,True
N#Cc1c(N)sc2c(F)ccc(-c3c(Cl)cc4c(N5CC6CCC(C5)N6)nc(OC[C@@]56CCCN5C[C@H](F)C6)nc4c3F)c12,CHEMBL5428238,9.008773924307505,4,True
N#Cc1c(N)sc2c(F)ccc(-c3c(Cl)cc4c(N5CC6CCC(C5)N6)ncnc4c3F)c12,CHEMBL5431156,8.274088367704952,2,True
N#Cc1c(N)sc2c(F)ccc(-c3cc4nc(OC[C@@]56CCCN5C[C@H](F)C6)nc(N5CC6CCC(C5)N6)c4cc3Cl)c12,CHEMBL5393883,8.823908740944319,4,True
N#Cc1ccc(COCC(=O)Nc2nc(-c3ccccn3)nc3sccc23)cc1,CHEMBL5949944,4.688246138944246,0,False
N#Cc1ccccc1-c1ncc2c(N3CC4CCC(C3)N4)nc(OC[C@@]34CCCN3C[C@H](F)C4)nc2c1F,CHEMBL5848857,5.651500429716162,4,True
N=C(N)NCCCOc1nc(N2CC3CCC(C2)N3)c2cnc(-c3cccc4cccc(Cl)c34)c(F)c2n1,CHEMBL6020950,6.7281583934635005,2,True
N=C(N)NCCOc1nc(N2CC3CCC(C2)N3)c2cnc(-c3cccc4cccc(Cl)c34)c(F)c2n1,CHEMBL5911765,6.628932137728263,2,True
NC(=O)Cc1cccc2cccc(-c3ncc4c(N5CC6CCC(C5)N6)nc(OCC56CCCN5CCC6)nc4c3F)c12,CHEMBL5780126,6.501689446210399,2,True
NC1(COc2nc(N3CC4CCC(C3)N4)c3cnc(-c4cccc5cccc(Cl)c45)c(F)c3n2)CCCCC1,CHEMBL6030998,5.646660904688695,2,True
NCC#Cc1cccc2cccc(-c3ncc4c(N5CC6CCC(C5)N6)nc(OCC56CCCN5CCC6)nc4c3F)c12,CHEMBL5891278,7.101274818410507,2,True
NCCOc1nc(N2CC3CCC(C2)N3)c2cnc(-c3cccc4cccc(Cl)c34)c(F)c2n1,CHEMBL5981522,5.080712659495617,2,True
Nc1c(Cl)cc(Cl)c(F)c1-c1ncc2c(N3CC4CCC(C3)N4)nc(OCC34CCCN3CCC4)nc2c1F,CHEMBL5846262,6.555955204081924,2,True
Nc1c(F)cccc1-c1ncc2c(N3CC4CCC(C3)N4)nc(OCC34CCCN3CCC4)nc2c1F,CHEMBL5842499,5.347560252410579,2,True
Nc1cc2cccc(F)c2c(-c2c(Cl)cc3c(N4CC5CCC(C4)N5)nc(OC[C@@]45CCCN4C[C@H](F)C5)nc3c2F)n1,CHEMBL5426739,8.221848749616356,4,True
Nc1cc2ccccc2c(-c2c(Cl)cc3c(N4CC5CCC(C4)N5)nc(OC[C@@]45CCCN4C[C@H](F)C5)nc3c2F)n1,CHEMBL5418176,7.892790030352131,4,True
Nc1ccc(CCOc2nc(N3CC4CCC(C3)N4)c3cnc(-c4cccc5cccc(Cl)c45)c(F)c3n2)cn1,CHEMBL6062553,6.050122295963125,2,True
Nc1ccc(Cl)c(F)c1-c1ncc2c(N3CC4CCC(C3)N4)nc(OC[C@@]34CCCN3C[C@H](F)C4)nc2c1F,CHEMBL5995963,7.182434630440219,4,True
Nc1cccc(CCOc2nc(N3CC4CCC(C3)N4)c3cnc(-c4cc(O)cc5ccccc45)c(F)c3n2)n1,CHEMBL5839176,6.113588031993501,2,True
Nc1cccc(F)c1-c1ncc2c(N3CC4CCC(C3)N4)nc(OCC34CCCN3CCC4)nc2c1F,CHEMBL5875732,6.100179497572904,2,True
Nc1nc(N2CC3CCC(C2)N3)c2cnc(-c3cc(O)cc4ccccc34)c(F)c2n1,CHEMBL5906656,5.7191702386116035,2,True
Nc1nc2c(-c3c(Cl)cc4c(N5CC6CCC(C5)N6)nc(OC[C@@]56CCCN5C[C@H](F)C6)nc4c3F)ccc(F)c2s1,CHEMBL5397425,8.42021640338319,4,True
Nc1nc2c(-c3ncc4c(N5CC6CCC(C5)N6)nc(OCC56CCCN5CCC6)nc4c3F)ccc(F)c2s1,CHEMBL5820989,7.769551078621726,2,True
Nc1nc2c(-c3ncc4c(N5CC6CCC(C5)N6)nc(OCC56CCCN5CCC6)nc4c3F)cccc2s1,CHEMBL5916759,7.568636235841012,2,True
Nc1nccn1CCOc1nc(N2CC3CCC(C2)N3)c2cnc(-c3cccc4cccc(Cl)c34)c(F)c2n1,CHEMBL6000629,6.978810700930062,2,True
O=C(CCl)N1CCC(Oc2nc(N3CC4CCC(C3)N4)c3cnc(-c4cccc5cccc(Cl)c45)c(F)c3n2)CC1,CHEMBL5810664,5.255550542553202,2,True
O=C(NCCOc1nc(N2CC3CCC(C2)N3)c2cnc(-c3cc(O)cc4ccccc34)c(F)c2n1)c1ccc(S(=O)(=O)F)cc1,CHEMBL5777414,5.914352711703144,2,True
O=C(NCCOc1nc(N2CC3CCC(C2)N3)c2cnc(-c3cc(O)cc4ccccc34)c(F)c2n1)c1cccc(S(=O)(=O)F)c1,CHEMBL5806914,5.123262702859336,2,True
O=C(NCCOc1nc(N2CC3CCC(C2)N3)c2cnc(-c3cccc4cccc(Cl)c34)c(F)c2n1)c1ccc(S(=O)(=O)F)cc1,CHEMBL5896630,5.392974121565214,2,True
O=C(O)CCOc1nc(N2CC3CCC(C2)N3)c2cnc(-c3cccc4cccc(Cl)c34)c(F)c2n1,CHEMBL5895141,5.3892334052267294,2,True
O=C(OC[C@H]1CC[C@@]2(COc3nc(N4CC5CCC(C4)N5)c4cnc(-c5cccc6cccc(Cl)c56)c(F)c4n3)CCCN12)N1CCCC1,CHEMBL5752074,7.645365019512084,4,True
O=C(OC[C@H]1CC[C@@]2(COc3nc(N4CC5CCC(C4)N5)c4cnc(-c5cccc6cccc(Cl)c56)c(F)c4n3)CCCN12)N1CCCCC1,CHEMBL6002919,7.348672223024641,4,True
O=C(OC[C@H]1CC[C@@]2(COc3nc(N4CC5CCC(C4)N5)c4cnc(-c5cccc6cccc(Cl)c56)c(F)c4n3)CCCN12)N1CCOCC1,CHEMBL5826755,7.727346441767088,4,True
O=C(O[C@@H]1CN2CCC[C@]2(COc2nc(N3CC4CCC(C3)N4)c3cnc(-c4cccc5cccc(Cl)c45)c(F)c3n2)C1)N1CCOCC1,CHEMBL5852825,6.3575399867808695,4,True
O=C(c1csc2c(=O)[nH]c(-c3ccccn3)nc12)N1CCN(Cc2cccc(O)c2)CC1,CHEMBL5873415,4.688246138944246,0,False
O=C(c1csc2c(=O)[nH]c(-c3ccccn3)nc12)N1CCN(c2ccc(O)c(Cl)c2)CC1,CHEMBL5884953,4.688246138944246,0,False
O=C(c1csc2c(=O)[nH]c(-c3ccccn3)nc12)N1CCN(c2ccccc2)CC1,CHEMBL5926740,5.1249387366083,0,False
O=C(c1csc2c(=O)[nH]c(-c3ccccn3)nc12)N1CCNC(c2ccc(O)cc2)C1,CHEMBL5981972,5.1249387366083,1,True
O=C(c1csc2c(=O)[nH]c(-c3ccccn3)nc12)N1CCOC(c2ccccc2Cl)C1,CHEMBL5904679,5.1249387366083,1,True
O=C(c1csc2c(=O)[nH]c(-c3ccccn3)nc12)N1CCOC(c2nccs2)C1,CHEMBL5886946,5.1249387366083,1,True
O=C1CCC2(COc3nc(N4CC5CCC(C4)N5)c4cnc(-c5cccc6cccc(Cl)c56)c(F)c4n3)CCCN12,CHEMBL5881822,5.060730413661268,3,True
O=C1N[C@H](c2c(CNCc3ccc4ccn(Cc5ccccc5)c4c3)[nH]c3ccccc23)c2cc(O)ccc21,CHEMBL4788500,6.060480747381382,1,False
O=C1OCCN1C[C@H]1CC[C@@]2(COc3nc(N4CC5CCC(C4)N5)c4cnc(-c5cccc6cccc(Cl)c56)c(F)c4n3)CCCN12,CHEMBL6051462,6.768426931636825,4,True
O=Cc1cc(CCOc2nc(N3CC4CCC(C3)N4)c3cnc(-c4cccc5cccc(Cl)c45)c(F)c3n2)ccc1O,CHEMBL5977406,5.075358952582837,2,True
O=S1(=O)CCC(Oc2nc(N3CC4CCC(C3)N4)c3cnc(-c4cc(O)cc5ccccc45)c(F)c3n2)CC1,CHEMBL5980144,6.899629454882437,2,True
O=c1[nH]c(-c2cc(CO)ccn2)nc2scc(Cl)c12,CHEMBL5762420,4.688246138944246,0,False
O=c1[nH]c(-c2cc(CO)ccn2)nc2sccc12,CHEMBL5785483,5.1249387366083,0,False
O=c1[nH]c(-c2ccccn2)nc2c1sc1ccccc12,CHEMBL5817812,4.688246138944246,0,False
O=c1[nH]c(-c2ccccn2)nc2sccc12,CHEMBL5825935,4.688246138944246,0,False
OCC(CO)COc1nc(N2CC3CCC(C2)N3)c2cnc(-c3cccc4cccc(Cl)c34)c(F)c2n1,CHEMBL5831259,5.634499912263367,2,True
OCC(COc1nc(C2CC3CCC(C2)N3)c2cnc(-c3cccc4cccc(Cl)c34)c(F)c2n1)c1cccnc1,CHEMBL5977925,6.024108863598207,3,True
OCC(O)CCOc1nc(C2CC3CCC(C2)N3)c2cnc(-c3cccc4cccc(Cl)c34)c(F)c2n1,CHEMBL5758265,5.137510833094103,3,True
OCC12CCCN1CC(Oc1nc(N3CC4CCC(C3)N4)c3cnc(-c4cccc5cccc(Cl)c45)c(F)c3n1)C2,CHEMBL5975330,5.948076083953893,4,True
OCCCOc1nc(N2CC3CCC(C2)N3)c2cnc(-c3cc(O)cc4ccccc34)c(F)c2n1,CHEMBL5971069,6.619788758288394,2,True
OCCOc1nc(N2CC3CCC(C2)N3)c2cnc(-c3cc(O)cc4ccccc34)c(F)c2n1,CHEMBL6041558,6.275724130399211,2,True
OCC[C@@H](CO)Oc1nc(C2CC3CCC(C2)N3)c2cnc(-c3cccc4cccc(Cl)c34)c(F)c2n1,CHEMBL5742677,5.633203616713271,3,True
OCCc1ccccc1-c1ncc2c(N3CC4CCC(C3)N4)nc(OCC34CCCN3CCC4)nc2c1F,CHEMBL5826280,5.595679532778269,2,True
OC[C@@H](O)COc1nc(N2CC3CCC(C2)N3)c2cnc(-c3cccc4cccc(Cl)c34)c(F)c2n1,CHEMBL5921595,5.227898430722988,3,True
OC[C@@H]1CCCN1c1nc(N2CC3CCC(C2)N3)c2cnc(-c3cc(O)cc4ccccc34)c(F)c2n1,CHEMBL5909201,5.503347060749082,3,True
OC[C@@H]1CCN1c1nc(N2CC3CCC(C2)N3)c2cnc(-c3cc(O)cc4ccccc34)c(F)c2n1,CHEMBL6001577,6.040014560560972,3,True
OC[C@H](O)COc1nc(N2CC3CCC(C2)N3)c2cnc(-c3cccc4cccc(Cl)c34)c(F)c2n1,CHEMBL6013965,5.212468683872766,3,True
OCc1nccn1CCOc1nc(N2CC3CCC(C2)N3)c2cnc(-c3cccc4cccc(Cl)c34)c(F)c2n1,CHEMBL5853896,6.120904120499928,2,True
O[C@@H]1C[C@@H]2CN(c3nc(N4CCC4)nc4c(F)c(-c5cccc6cccc(Cl)c56)ncc34)CC1N2,CHEMBL5978138,5.577246058698652,3,True
O[C@@H]1C[C@@H]2CN(c3nc(OCCC(F)(F)F)nc4c(F)c(-c5cccc6cccc(Cl)c56)ncc34)CC1N2,CHEMBL5982246,5.466355021201237,3,True
O[C@@H]1C[C@@H]2CN(c3nc(OCCc4ccc(F)cn4)nc4c(F)c(-c5cccc6cccc(Cl)c56)ncc34)C[C@H]1N2,CHEMBL5849860,5.668572703479256,3,False
O[C@@H]1C[C@@H]2CN(c3nc(OCCc4nccn4C(F)F)nc4c(F)c(-c5cccc6cccc(Cl)c56)ncc34)C[C@H]1N2,CHEMBL5947125,5.890759031411797,3,False
O[C@@H]1C[C@@H]2CN(c3nc(OCCc4nccn4CF)nc4c(F)c(-c5cccc6cccc(Cl)c56)ncc34)C[C@H]1N2,CHEMBL5753548,6.0746879085003505,3,False
O[C@@H]1C[C@@H]2CN(c3nc(OCCn4ccnc4C(F)(F)F)nc4c(F)c(-c5cccc6cccc(Cl)c56)ncc34)C[C@H]1N2,CHEMBL5838288,6.18243463044022,3,False
O[C@@H]1C[C@@H]2CN(c3nc(OCCn4ccnc4C(F)F)nc4c(F)c(-c5cccc6cccc(Cl)c56)ncc34)C[C@H]1N2,CHEMBL5941312,6.161780778092375,3,False
O[C@@H]1C[C@@H]2CN(c3nc(OCCn4ccnc4CF)nc4c(F)c(-c5cccc6cccc(Cl)c56)ncc34)C[C@H]1N2,CHEMBL6025772,6.234331445240986,3,False
Oc1c(F)cc(F)c(-c2ncc3c(N4CC5CCC(C4)N5)nc(OCC45CCCN4CCC5)nc3c2F)c1F,CHEMBL5896135,5.417709317281005,2,True
Oc1cc(-c2ncc3c(N4CC5CCC(C4)N5)nc(N4CC(O)C4)nc3c2F)c2ccccc2c1,CHEMBL5802120,6.392544976785331,2,True
Oc1cc(-c2ncc3c(N4CC5CCC(C4)N5)nc(N4CC5(CCOC5)C4)nc3c2F)c2ccccc2c1,CHEMBL5747038,6.006367352111247,2,True
Oc1cc(-c2ncc3c(N4CC5CCC(C4)N5)nc(N4CC5(CCOCC5)C4)nc3c2F)c2ccccc2c1,CHEMBL6024085,5.994125992225299,2,True
Oc1cc(-c2ncc3c(N4CC5CCC(C4)N5)nc(N4CCC4)nc3c2F)c2ccccc2c1,CHEMBL6050062,5.798371087106444,2,True
Oc1cc(-c2ncc3c(N4CC5CCC(C4)N5)nc(N4CCCC4)nc3c2F)c2ccccc2c1,CHEMBL6043769,6.3214816209598865,2,True
Oc1cc(-c2ncc3c(N4CC5CCC(C4)N5)nc(OC4CCC(F)(F)CC4)nc3c2F)c2ccccc2c1,CHEMBL6007497,6.189095719331299,2,True
Oc1cc(-c2ncc3c(N4CC5CCC(C4)N5)nc(OC4CCOCC4)nc3c2F)c2ccccc2c1,CHEMBL5934418,5.714443099065494,2,True
Oc1cc(-c2ncc3c(N4CC5CCC(C4)N5)nc(OC4CCSCC4)nc3c2F)c2ccccc2c1,CHEMBL6049931,6.4736607226101555,2,True
Oc1cc(-c2ncc3c(N4CC5CCC(C4)N5)nc(OCC(F)(F)C(F)F)nc3c2F)c2ccccc2c1,CHEMBL5803405,5.787164430692646,2,True
Oc1cc(-c2ncc3c(N4CC5CCC(C4)N5)nc(OCC(F)(F)F)nc3c2F)c2ccccc2c1,CHEMBL6014784,5.8372232867705725,2,True
Oc1cc(-c2ncc3c(N4CC5CCC(C4)N5)nc(OCC4(C(F)(F)F)CC4)nc3c2F)c2ccccc2c1,CHEMBL5847248,5.726508917909323,2,True
Oc1cc(-c2ncc3c(N4CC5CCC(C4)N5)nc(OCC4(C(F)(F)F)CCCC4)nc3c2F)c2ccccc2c1,CHEMBL5948435,6.142064735280571,2,True
Oc1cc(-c2ncc3c(N4CC5CCC(C4)N5)nc(OCC45CCCN4C(CF)CC5)nc3c2F)c2c(Cl)cccc2c1,CHEMBL5793644,7.480055101131909,4,True
Oc1cc(-c2ncc3c(N4CC5CCC(C4)N5)nc(OCC45CCCN4CCC5)nc3c2F)c2c(Cl)c(F)ccc2c1,CHEMBL4857719,9.301029995663981,2,True
Oc1cc(-c2ncc3c(N4CC5CCC(C4)N5)nc(OCC45CCCN4C[C@H](F)C5)nc3c2F)c2c(Cl)cccc2c1,CHEMBL5976367,8.265088992010918,4,True
Oc1cc(-c2ncc3c(N4CC5CCC(C4)N5)nc(OCC45CCCN4C[C@H](F)C5)nc3c2F)c2ccccc2c1,CHEMBL5877093,8.169093657231368,4,True
Oc1cc(-c2ncc3c(N4CC5CCC(C4)N5)nc(OCC4CCCC4)nc3c2F)c2ccccc2c1,CHEMBL5917657,6.24184537803261,2,True
Oc1cc(-c2ncc3c(N4CC5CCC(C4)N5)nc(OCCC(F)(F)F)nc3c2F)c2c(Cl)cccc2c1,CHEMBL5765688,6.118931777489634,2,True
Oc1cc(-c2ncc3c(N4CC5CCC(C4)N5)nc(OCCC(F)(F)F)nc3c2F)c2ccccc2c1,CHEMBL5822412,5.948429413390621,2,True
Oc1cc(-c2ncc3c(N4CC5CCC(C4)N5)nc(OCCCC(F)(F)F)nc3c2F)c2ccccc2c1,CHEMBL5982513,6.7594507517174005,2,True
Oc1cc(-c2ncc3c(N4CC5CCC(C4)N5)nc(OCCCN4CCOCC4)nc3c2F)c2ccccc2c1,CHEMBL5748258,6.51110002851112,2,True
Oc1cc(-c2ncc3c(N4CC5CCC(C4)N5)nc(OCCN4CCOCC4)nc3c2F)c2ccccc2c1,CHEMBL5906561,6.471083299722345,2,True
Oc1cc(-c2ncc3c(N4CC5CCC(C4)N5)nc(OCCc4ccc(F)cn4)nc3c2F)c2ccccc2c1,CHEMBL5756311,6.058969858234528,2,True
Oc1cc(-c2ncc3c(N4CC5CCC(C4)N5)nc(OCCc4ccccc4)nc3c2F)c2ccccc2c1,CHEMBL6022537,5.6534514414515264,2,True
Oc1cc(-c2ncc3c(N4CC5CCC(C4)N5)nc(OCCc4ccccc4F)nc3c2F)c2c(Cl)cccc2c1,CHEMBL5907680,5.904481957676849,2,True
Oc1cc(-c2ncc3c(N4CC5CCC(C4)N5)nc(OCCc4ccccn4)nc3c2F)c2ccccc2c1,CHEMBL6007936,5.686784646171139,2,True
Oc1cc(-c2ncc3c(N4CC5CCC(C4)N5)nc(OCCc4cccnc4)nc3c2F)c2ccccc2c1,CHEMBL5793869,6.158037224817342,2,True
Oc1cc(-c2ncc3c(N4CC5CCC(C4)N5)nc(OCCc4ncccn4)nc3c2F)c2ccccc2c1,CHEMBL6063358,5.728855682050922,2,True
Oc1cc(-c2ncc3c(N4CC5CCC(C4)N5)nc(OC[C@@H]4CCCN4Cc4ccccc4)nc3c2F)c2ccccc2c1,CHEMBL5955384,5.309360988284032,3,True
Oc1cc(-c2ncc3c(N4CC5CCC(C4)N5)nc(OC[C@@]45CCCN4C[C@H](F)C5)nc3c2F)c2c(Cl)cccc2c1,CHEMBL4857438,9.698970004336019,4,True
Oc1cc(-c2ncc3c(N4CC5CCC(C4)N5)nc(OC[C@@]45CCCN4C[C@H](F)C5)nc3c2F)c2c(F)c(F)ccc2c1,CHEMBL4874297,9.221848749616356,4,True
Oc1cc(-c2ncc3c(N4CC5CCC(C4)N5)nc(OC[C@@]45CCCN4C[C@H](F)C5)nc3c2F)c2c(F)cccc2c1,CHEMBL5856093,8.732352939978615,4,True
Oc1cc(-c2ncc3c(N4CC5CCC(C4)N5)nc(OC[C@@]45CCCN4C[C@H](F)C5)nc3c2F)c2ccccc2c1,CHEMBL5170279,8.112158375486977,4,True
Oc1cc(-c2ncc3c(N4CC5CCC(C4)N5)nc(OC[C@]45CCCN4C[C@@H](F)C5)nc3c2F)c2ccccc2c1,CHEMBL6042242,7.817443284186211,4,True
Oc1cc(-c2ncc3c(N4CC5CCC(C4)N5)nc(OCc4ccccn4)nc3c2F)c2ccccc2c1,CHEMBL5885339,6.168130225719498,2,True
Oc1cc(-c2ncc3c(N4CC5CCC(C4)N5)nc(OCc4cccnc4)nc3c2F)c2ccccc2c1,CHEMBL5826223,6.204815410317575,2,True
Oc1cc(-c2ncc3c(N4CC5CCC(C4)N5)ncnc3c2F)c2ccccc2c1,CHEMBL5089026,5.5670363861745535,2,True
Oc1cc(-c2ncc3c(N4CC5C[C@@H](n6cncn6)C(C4)N5)nc(OC[C@@]45CCCN4C[C@H](F)C5)nc3c2F)c2ccccc2c1,CHEMBL5942969,6.346787486224656,5,True
Oc1cc(-c2ncc3c(N4CCCC5(CC(O)C5)C4)nc(OC[C@@]45CCCN4C[C@H](F)C5)nc3c2F)c2c(F)c(F)ccc2c1,CHEMBL5286121,8.698970004336019,2,False
Oc1cc(-c2ncc3c(N4CCCC5(CCO5)C4)nc(OC[C@@]45CCCN4C[C@H](F)C5)nc3c2F)c2c(F)c(F)ccc2c1,CHEMBL5269272,8.84948500216801,3,True
Oc1cc(-c2ncc3c(N4CCC[C@]5(CCO5)C4)nc(OC[C@@]45CCCN4C[C@H](F)C5)nc3c2F)c2c(Cl)c(F)ccc2c1,CHEMBL5265862,9.0,3,False
Oc1cc(Cl)c(C2CC2)c(-c2ncc3c(N4CCCC5(CCO5)C4)nc(OC[C@@]45CCCN4C[C@H](F)C5)nc3c2F)c1,CHEMBL5290459,8.84948500216801,3,True
Oc1cc(N2CCc3c(nc(OCC4(CN5CCOCC5)CC4)nc3N3CC4CCC(C3)N4)C2)c2c(Br)cccc2c1,CHEMBL4872714,8.920818753952375,2,True
Oc1cc(N2CCc3c(nc(OCC4(CN5CCOCC5)CC4)nc3N3CC4CCC(C3)N4)C2)c2c(I)cccc2c1,CHEMBL4869200,9.154901959985743,2,True
Oc1cc(N2CCc3c(nc(OCC4(CN5CC[C@@H](F)C5)CC4)nc3N3CC4CCC(C3)N4)C2)c2c(Br)cccc2c1,CHEMBL4875572,8.823908740944319,3,True
Oc1cc(N2CCc3c(nc(OCC4(CN5CC[C@@H](F)C5)CC4)nc3N3CC4CCC(C3)N4)C2)c2c(I)cccc2c1,CHEMBL4876274,9.045757490560675,3,True
Oc1ccc(C(F)(F)F)c(-c2ncc3c(N4CC5CCC(C4)N5)nc(OCC45CCCN4CCC5)nc3c2F)c1,CHEMBL5982761,8.795880017344075,2,True
Oc1cccc(-c2ncc3c(N4CC5CCC(C4)N5)nc(OCC45CCCN4CCC5)nc3c2F)c1,CHEMBL6023761,5.789949150124863,2,True
Oc1cccc(F)c1-c1ncc2c(N3CC4CCC(C3)N4)nc(OCC34CCCN3C[C@H](F)C4)nc2c1F,CHEMBL5762821,6.655607726314889,4,True
Oc1cccc(OC(F)(F)F)c1-c1ncc2c(N3CC4CCC(C3)N4)nc(OC[C@@]34CCCN3C[C@H](F)C4)nc2c1F,CHEMBL5794292,6.681936665037238,4,True
Oc1cccc2cccc(-c3ncc4c(N5CC6CCC(C5)N6)nc(OCC56CCCN5CCC6)nc4c3F)c12,CHEMBL6053286,6.301029995663981,2,True
Oc1ccccc1-c1ncc2c(N3CC4CCC(C3)N4)nc(OCC34CCCN3CCC4)nc2c1F,CHEMBL5898566,5.486516043295743,2,True
[O-][N+]12CCCC1(COc1nc(N3CC4CCC(C3)N4)c3cnc(-c4cccc5cccc(Cl)c45)c(F)c3n1)CCC2,CHEMBL6052900,5.779630367548606,2,True
[O-][S+]1CCC(Oc2nc(N3CC4CCC(C3)N4)c3cnc(-c4cc(O)cc5ccccc45)c(F)c3n2)CC1,CHEMBL5753679,6.6439741428068775,2,True
c1ccc2c(-c3cc4nc(OCC56CCCN5CCC6)nc(N5CC6CCC(C5)N6)c4cn3)cccc2c1,CHEMBL5944337,5.610028106028405,2,True
