canonical_smiles,molecule_chembl_id,pIC50,standard_value,n_measurements,pIC50_range,kept_chembl_id,dropped_chembl_ids
C#CCc1ccc(O)cc1-c1ncc2c(N3CC4CCC(C3)N4)nc(OCC34CCCN3CCC4)nc2c1F,"['CHEMBL5930957', 'CHEMBL5930957']","[8.795880017344075, 5.130650919240907]","[1.6, 7402.0]",2,3.6652290981031683,CHEMBL5930957,['CHEMBL5930957']
C#Cc1c(F)ccc2cc(O)cc(-c3ncc4c(N5CC6CCC(C5)N6)nc(OCC56CCCN5CCC6)nc4c3F)c12,"['CHEMBL4867851', 'CHEMBL4867851', 'CHEMBL4867851']","[9.221848749616356, 9.221848749616356, 7.818156412055227]","[0.6, 0.6, 15.2]",3,1.4036923375611288,CHEMBL4867851,"['CHEMBL4867851', 'CHEMBL4867851']"
C#Cc1c(F)ccc2cc(O)cc(-c3ncc4c(N5CC6CCC(C5)N6)nc(OC[C@@]56CCCN5C[C@H](F)C6)nc4c3F)c12,"['CHEMBL4858364', 'CHEMBL4858364', 'CHEMBL4858364']","[9.397940008672037, 9.397940008672037, 9.096910013008056]","[0.4, 0.4, 0.8]",3,0.30102999566398125,CHEMBL4858364,"['CHEMBL4858364', 'CHEMBL4858364']"
C#Cc1c(F)ccc2cc(O)cc(-c3ncc4c(N5CC6CCC(C5)N6)nc(OC[C@]56CCCN5[C@@H](COC(=O)N(C)C)CC6)nc4c3F)c12,"['CHEMBL5977600', 'CHEMBL5977600']","[9.096910013008056, 8.075720713938118]","[0.8, 8.4]",2,1.0211892990699383,CHEMBL5977600,['CHEMBL5977600']
C#Cc1c(F)ccc2cc(O)cc(-c3ncc4c(N5CCCC6(CCO6)C5)nc(OC[C@@]56CCCN5C[C@H](F)C6)nc4c3F)c12,"['CHEMBL5273122', 'CHEMBL5273122']","[9.0, 9.0]","[1.0, 1.0]",2,0.0,CHEMBL5273122,['CHEMBL5273122']
C#Cc1c(F)ccc2cc(O)cc(-c3ncc4c(N5C[C@H]6CC[C@@H](C5)N6)nc(OC[C@@]56CCCN5C[C@H](F)C6)nc4c3F)c12,"['CHEMBL5081048', 'CHEMBL5081048']","[8.301029995663981, 8.823908740944319]","[5.0, 1.5]",2,0.5228787452803374,CHEMBL5081048,['CHEMBL5081048']
C#Cc1c(F)ccc2cccc(-c3ncc4c(N5CC6CCC(C5)N6)nc(OCC56CCCN5CCC6)nc4c3F)c12,"['CHEMBL5187854', 'CHEMBL5187854']","[9.301029995663981, 7.617982957425132]","[0.5, 24.1]",2,1.6830470382388496,CHEMBL5187854,['CHEMBL5187854']
C#Cc1c(F)ccc2cccc(-c3ncc4c(N5CC6CCC(C5)N6)nc(OC[C@@]56CCCN5C[C@H](F)C6)nc4c3F)c12,"['CHEMBL5881670', 'CHEMBL5881670']","[9.045757490560675, 7.009661145212398]","[0.9, 97.8]",2,2.0360963453482768,CHEMBL5881670,['CHEMBL5881670']
C#Cc1c(F)ccc2cccc(-c3ncc4c(N5CC6CCC(C5)N6)nc(OC[C@]56CCCN5[C@@H](COC(=O)N(C)C)CC6)nc4c3F)c12,"['CHEMBL5996049', 'CHEMBL5996049']","[9.397940008672037, 7.892790030352131]","[0.4, 12.8]",2,1.5051499783199063,CHEMBL5996049,['CHEMBL5996049']
C#Cc1cccc2cc(O)cc(-c3ncc4c(N5CC6CCC(C5)N6)nc(OCC56CCCN5CCC6)nc4c3F)c12,"['CHEMBL4863339', 'CHEMBL4863339', 'CHEMBL4863339']","[9.522878745280337, 9.522878745280337, 8.148741651280925]","[0.3, 0.3, 7.1]",3,1.374137093999412,CHEMBL4863339,"['CHEMBL4863339', 'CHEMBL4863339']"
C#Cc1cccc2cc(O)cc(-c3ncc4c(N5CC6CCC(C5)N6)nc(OC[C@@]56CCCN5C[C@H](F)C6)nc4c3F)c12,"['CHEMBL4876040', 'CHEMBL4876040', 'CHEMBL4876040']","[9.397940008672037, 9.397940008672037, 9.096910013008056]","[0.4, 0.4, 0.8]",3,0.30102999566398125,CHEMBL4876040,"['CHEMBL4876040', 'CHEMBL4876040']"
C#Cc1cccc2cc(O)cc(-c3ncc4c(N5CC6CCC(C5)N6)nc(OC[C@@]56CCCN5C[C@H](OC)C6)nc4c3F)c12,"['CHEMBL5762802', 'CHEMBL5762802']","[9.0, 8.096910013008056]","[1.0, 8.0]",2,0.9030899869919438,CHEMBL5762802,['CHEMBL5762802']
C#Cc1cccc2cc(O)cc(-c3ncc4c(N5CC6CCC(C5)N6)ncnc4c3F)c12,"['CHEMBL6050774', 'CHEMBL6050774']","[8.3767507096021, 6.117475462045119]","[4.2, 763.0]",2,2.25927524755698,CHEMBL6050774,['CHEMBL6050774']
C#Cc1cccc2cc(OC)cc(-c3ncc4c(N5CC6CCC(C5)N6)nc(OCC56CCCN5CCC6)nc4c3F)c12,"['CHEMBL5752784', 'CHEMBL5752784']","[7.703334809738469, 5.5519123333076585]","[19.8, 2806.0]",2,2.1514224764308105,CHEMBL5752784,['CHEMBL5752784']
C#Cc1cccc2cccc(-c3ncc4c(N5CC6CCC(C5)N6)nc(OCC56CCCN5CCC6)nc4c3F)c12,"['CHEMBL5863463', 'CHEMBL5863463', 'CHEMBL5863463', 'CHEMBL5863463']","[9.154901959985743, 8.958607314841775, 6.982966660701219, 7.147520006363144]","[0.7, 1.1, 104.0, 71.2]",4,2.171935299284524,CHEMBL5863463,"['CHEMBL5863463', 'CHEMBL5863463', 'CHEMBL5863463']"
C#Cc1cccc2cccc(-c3ncc4c(N5CC6CCC(C5)N6)nc(OCC56CCCN5C[C@@H](F)C6)nc4c3F)c12,"['CHEMBL5897850', 'CHEMBL5897850']","[8.920818753952375, 6.616184634019569]","[1.2, 242.0]",2,2.304634119932806,CHEMBL5897850,['CHEMBL5897850']
C#Cc1cccc2cccc(-c3ncc4c(N5CC6CCC(C5)N6)nc(OC[C@@H]5CCCN5C)nc4c3F)c12,"['CHEMBL5763254', 'CHEMBL5763254']","[8.292429823902063, 6.045757490560675]","[5.1, 900.0]",2,2.2466723333413885,CHEMBL5763254,['CHEMBL5763254']
C#Cc1cccc2cncc(-c3ncc4c(N5CC6CCC(C5)N6)nc(OCC56CCCN5C[C@@H](F)C6)nc4c3F)c12,"['CHEMBL5844159', 'CHEMBL5844159']","[8.356547323513812, 6.512861624522813]","[4.4, 307.0]",2,1.843685698990999,CHEMBL5844159,['CHEMBL5844159']
C=Cc1cccc2cccc(-c3ncc4c(N5CC6CCC(C5)N6)nc(OC[C@@H]5CCCN5C)nc4c3F)c12,"['CHEMBL6010142', 'CHEMBL6010142']","[7.153662887870195, 4.856516789329938]","[70.2, 13915.0]",2,2.2971460985402565,CHEMBL6010142,['CHEMBL6010142']
CC#Cc1cccc2cccc(-c3ncc4c(N5CC6CCC(C5)N6)nc(OCC56CCCN5CCC6)nc4c3F)c12,"['CHEMBL5965315', 'CHEMBL5965315']","[7.684029654543082, 5.608711951404702]","[20.7, 2462.0]",2,2.0753177031383796,CHEMBL5965315,['CHEMBL5965315']
CC(=O)NC[C@H]1CC[C@@]2(COc3nc(N4CC5CCC(C4)N5)c4cnc(-c5cccc6cccc(Cl)c56)c(F)c4n3)CCCN12,"['CHEMBL5926495', 'CHEMBL5926495']","[8.036212172654444, 5.666351243485298]","[9.2, 2156.0]",2,2.369860929169146,CHEMBL5926495,['CHEMBL5926495']
CC(=O)N[C@@H](CCCNC(=N)N)C(=O)N[C@@H](CCCNC(=N)N)C(=O)N[C@@H](CCCNC(=N)N)C(=O)N[C@@H](CCCNC(=N)N)C(=O)N[C@H]1CSSC[C@@H](C(=O)N[C@@H](CCCNC(=N)N)C(=O)N[C@@H](CCCNC(=N)N)C(=O)N[C@@H](CCCNC(=N)N)C(=O)N[C@@H](CCCNC(=N)N)C(N)=O)NC(=O)[C@H](C(C)C)NC(=O)[C@@H]2CCCN2C(=O)[C@H](CC(=O)O)NC(=O)[C@H](Cc2ccc(O)cc2)NC(=O)[C@H](CO)NC(=O)[C@H](C)NC(=O)[C@H](Cc2ccc(O)cc2)NC(=O)[C@H](CC(C)C)NC(=O)[C@@H]2CCCN2C1=O,"['CHEMBL4075783', 'CHEMBL4075783']","[4.686132779630847, 4.133712660915805]","[20600.0, 73500.0]",2,0.5524201187150419,CHEMBL4075783,['CHEMBL4075783']
CC(C)(C)[Si](C)(C)OCC1CCC2(COc3nc(N4CC5CCC(C4)N5)c4cnc(-c5cccc6cccc(Cl)c56)c(F)c4n3)CCCN12,"['CHEMBL5805380', 'CHEMBL5805380']","[8.481486060122112, 5.401100112936117]","[3.3, 3971.0]",2,3.080385947185995,CHEMBL5805380,['CHEMBL5805380']
CC(C)(C)c1ccccc1-c1ncc2c(N3CC4CCC(C3)N4)nc(OC[C@@]34CCCN3C[C@H](F)C4)nc2c1F,"['CHEMBL5928288', 'CHEMBL5928288']","[6.97469413473523, 4.980592891981116]","[106.0, 10457.0]",2,1.9941012427541134,CHEMBL5928288,['CHEMBL5928288']
CC(C)N1CCC[C@H]1COc1nc(N2CC3CCC(C2)N3)c2cnc(-c3cccc4cccc(Cl)c34)c(F)c2n1,"['CHEMBL6030504', 'CHEMBL6030504']","[6.795880017344075, 4.865472282202662]","[160.0, 13631.0]",2,1.9304077351414133,CHEMBL6030504,['CHEMBL6030504']
CC(C)N1CCC[C@H]1COc1nc(N2CC3N[C@H](C[C@H]3O)C2)c2cnc(-c3cccc4cccc(Cl)c34)c(F)c2n1,"['CHEMBL5748610', 'CHEMBL5748610']","[7.29413628771608, 5.625434939277235]","[50.8, 2369.0]",2,1.6687013484388453,CHEMBL5748610,['CHEMBL5748610']
CC(C)c1c(Cl)cc(O)cc1-c1ncc2c(N3CC4CCC(C3)N4)nc(OC[C@@]34CCCN3C[C@H](F)C4)nc2c1F,"['CHEMBL5798369', 'CHEMBL5798369']","[8.795880017344075, 7.332547047110046]","[1.6, 46.5]",2,1.4633329702340294,CHEMBL5798369,['CHEMBL5798369']
CC(C)c1c(Cl)cccc1-c1ncc2c(N3CC4CCC(C3)N4)nc(OCC34CCCN3CCC4)nc2c1F,"['CHEMBL5879199', 'CHEMBL5879199']","[8.080921907623926, 5.910448117113546]","[8.3, 1229.0]",2,2.17047379051038,CHEMBL5879199,['CHEMBL5879199']
CC(C)c1c(F)cc(O)cc1-c1ncc2c(N3CC4CCC(C3)N4)nc(OC[C@@]34CCCN3C[C@H](F)C4)nc2c1F,"['CHEMBL5792008', 'CHEMBL5792008']","[8.67778070526608, 6.958607314841775]","[2.1, 110.0]",2,1.7191733904243058,CHEMBL5792008,['CHEMBL5792008']
CC(C)c1ccc(O)cc1-c1ncc2c(N3CC4CCC(C3)N4)nc(OCC34CCCN3CCC4)nc2c1F,"['CHEMBL5868853', 'CHEMBL5868853']","[8.721246399047171, 5.540456741719587]","[1.9, 2881.0]",2,3.1807896573275842,CHEMBL5868853,['CHEMBL5868853']
CC(C)c1ccc(O)cc1-c1ncc2c(N3CC4CCC(C3)N4)nc(OC[C@@]34CCCN3C[C@H](F)C4)nc2c1F,"['CHEMBL5749373', 'CHEMBL5749373']","[8.568636235841012, 6.292429823902063]","[2.7, 510.0]",2,2.276206411938949,CHEMBL5749373,['CHEMBL5749373']
CC(C)c1cccc2cc(O)cc(-c3ncc4c(N5CC6CCC(C5)N6)nc(OC[C@@]56CCCN5C[C@H](F)C6)nc4c3F)c12,"['CHEMBL5864437', 'CHEMBL5864437']","[8.638272163982407, 6.492144128304169]","[2.3, 322.0]",2,2.146128035678238,CHEMBL5864437,['CHEMBL5864437']
CC(C)c1ccccc1-c1ncc2c(N3CC4CCC(C3)N4)nc(OCC34CCCN3C[C@H](F)C4)nc2c1F,"['CHEMBL6053648', 'CHEMBL6053648']","[7.809668301829708, 6.108462542327436]","[15.5, 779.0]",2,1.7012057595022725,CHEMBL6053648,['CHEMBL6053648']
CC(C)n1ccnc1CCOc1nc(N2CC3CCC(C2)N3)c2cnc(-c3cc(O)cc4ccccc34)c(F)c2n1,"['CHEMBL5815009', 'CHEMBL5815009']","[7.485452247339714, 5.258533238230245]","[32.7, 5514.0]",2,2.2269190091094684,CHEMBL5815009,['CHEMBL5815009']
CC(c1ccccc1)N1CCN(C(=O)c2csc3c(O)nc(-c4ccccn4)nc23)CC1,"['CHEMBL6051970', 'CHEMBL6051970', 'CHEMBL6051970', 'CHEMBL6051970']","[4.688246138944246, 4.688246138944246, 4.688246138944246, 4.688246138944246]","[20500.0, 20500.0, 20500.0, 20500.0]",4,0.0,CHEMBL6051970,"['CHEMBL6051970', 'CHEMBL6051970', 'CHEMBL6051970']"
CC1(C)CN2CCCC2(COc2nc(N3CC4CCC(C3)N4)c3cnc(-c4cccc5cccc(Cl)c45)c(F)c3n2)C1,"['CHEMBL5991570', 'CHEMBL5991570']","[7.05700040663396, 4.862709201477532]","[87.7, 13718.0]",2,2.1942912051564276,CHEMBL5991570,['CHEMBL5991570']
CC1(N)CN(c2nc(N3CC4CCC(C3)N4)c3cnc(-c4cc(O)cc5ccccc45)c(F)c3n2)C1,"['CHEMBL5971450', 'CHEMBL5971450']","[8.065501548756432, 4.9551859524713615]","[8.6, 11087.0]",2,3.11031559628507,CHEMBL5971450,['CHEMBL5971450']
CC1C(CCOc2nc(N3CC4CCC(C3)N4)c3cnc(-c4cc(O)cc5ccccc45)c(F)c3n2)=Nc2ccccc21,"['CHEMBL6009459', 'CHEMBL6009459']","[6.3788237182249645, 5.017728766960431]","[418.0, 9600.0]",2,1.3610949512645334,CHEMBL6009459,['CHEMBL6009459']
CC1CCCc2cccc(-c3ncc4c(N5CC6CCC(C5)N6)nc(OC[C@@H]5CCCN5C)nc4c3F)c21,"['CHEMBL6029519', 'CHEMBL6029519']","[7.311580177997289, 5.688458041598805]","[48.8, 2049.0]",2,1.623122136398484,CHEMBL6029519,['CHEMBL6029519']
CC1CCc2cccc(-c3ncc4c(N5CC6CCC(C5)N6)nc(OC[C@@H]5CCCN5C)nc4c3F)c21,"['CHEMBL6041022', 'CHEMBL6041022']","[7.1944991418416, 4.892213615684047]","[63.9, 12817.0]",2,2.3022855261575534,CHEMBL6041022,['CHEMBL6041022']
CC1CCc2cccc(-c3ncc4c(N5CC6CCC(C5)N6)nc(OC[C@@]56CCCN5C[C@H](F)C6)nc4c3F)c21,"['CHEMBL5880902', 'CHEMBL5880902']","[7.732828271596986, 5.7705741520793055]","[18.5, 1696.0]",2,1.9622541195176808,CHEMBL5880902,['CHEMBL5880902']
CC1CN(c2ccccc2)CCN1C(=O)c1csc2c(O)nc(-c3ccccn3)nc12,"['CHEMBL5878920', 'CHEMBL5878920', 'CHEMBL5878920', 'CHEMBL5878920']","[5.1249387366083, 5.1249387366083, 5.1249387366083, 5.1249387366083]","[7500.0, 7500.0, 7500.0, 7500.0]",4,0.0,CHEMBL5878920,"['CHEMBL5878920', 'CHEMBL5878920', 'CHEMBL5878920']"
CCC1(N)CN(c2nc(N3CC4CCC(C3)N4)c3cnc(-c4cc(O)cc5ccccc45)c(F)c3n2)C1,"['CHEMBL5863452', 'CHEMBL5863452']","[8.00436480540245, 5.459545386328588]","[9.9, 3471.0]",2,2.5448194190738613,CHEMBL5863452,['CHEMBL5863452']
CCCOc1nc(N2CC3CCC(C2)N3)c2cnc(-c3cc(O)cc4ccccc34)c(F)c2n1,"['CHEMBL5826328', 'CHEMBL5826328']","[6.576754126063192, 5.352030541637028]","[265.0, 4446.0]",2,1.2247235844261644,CHEMBL5826328,['CHEMBL5826328']
CCCc1cccc2cccc(-c3ncc4c(N5CC6CCC(C5)N6)nc(OCC56CCCN5CCC6)nc4c3F)c12,"['CHEMBL5871428', 'CHEMBL5871428']","[8.214670164989233, 5.61457248519487]","[6.1, 2429.0]",2,2.600097679794363,CHEMBL5871428,['CHEMBL5871428']
CCO[C@@H]1C[C@@H](COc2nc(N3CC4CCC(C3)N4)c3cnc(-c4cccc5cccc(Cl)c45)c(F)c3n2)N(C)C1,"['CHEMBL5771492', 'CHEMBL5771492']","[7.141462802430361, 5.2073282108584324]","[72.2, 6204.0]",2,1.9341345915719286,CHEMBL5771492,['CHEMBL5771492']
CC[C@H](C)[C@@H]1NC(=O)[C@H](C)NC(=O)[C@H](CC(C)C)NC(=O)[C@@H]2CCCN2C(=O)[C@@H](NC(=O)[C@H](CCCNC(=N)N)NC(=O)[C@H](CCCNC(=N)N)NC(=O)[C@H](CCCNC(=N)N)NC(=O)[C@H](CCCNC(=N)N)NC(C)=O)CSSC[C@@H](C(=O)N[C@@H](CCCNC(=N)N)C(=O)N[C@@H](CCCNC(=N)N)C(=O)N[C@@H](CCCNC(=N)N)C(=O)N[C@@H](CCCNC(=N)N)C(N)=O)NC(=O)[C@H](C(C)C)NC(=O)[C@@H]2CCCN2C(=O)[C@H](CC(=O)O)NC(=O)[C@H](Cc2ccc(O)cc2)NC(=O)[C@H](CO)NC1=O,"['CHEMBL4063829', 'CHEMBL4063829']","[7.301029995663981, 6.71669877129645]","[50.0, 192.0]",2,0.5843312243675314,CHEMBL4063829,['CHEMBL4063829']
CC[C@H](C)[C@@H]1NC(=O)[C@H](Cc2ccc(O)cc2)NC(=O)[C@H](CC(C)C)NC(=O)[C@@H]2CCCN2C(=O)[C@@H](NC(=O)[C@H](CCCNC(=N)N)NC(=O)[C@H](CCCNC(=N)N)NC(=O)[C@H](CCCNC(=N)N)NC(=O)[C@@H](CCCNC(=N)N)NC(C)=O)CSSC[C@@H](C(=O)N[C@@H](CCCNC(=N)N)C(=O)N[C@@H](CCCNC(=N)N)C(=O)N[C@@H](CCCNC(=N)N)C(=O)N[C@H](CCCNC(=N)N)C(N)=O)NC(=O)[C@H](C(C)C)NC(=O)[C@@H]2CCCN2C(=O)[C@H](CC(=O)O)NC(=O)[C@H](Cc2ccc(O)cc2)NC(=O)[C@H](CO)NC1=O,"['CHEMBL4082777', 'CHEMBL4082777']","[8.214670164989233, 7.455931955649724]","[6.1, 35.0]",2,0.7587382093395085,CHEMBL4082777,['CHEMBL4082777']
CC[C@H](C)[C@@H]1NC(=O)[C@H](Cc2ccc(O)cc2)NC(=O)[C@H](CC(C)C)NC(=O)[C@@H]2CCCN2C(=O)[C@@H](NC(=O)[C@H](CCCNC(=N)N)NC(=O)[C@H](CCCNC(=N)N)NC(=O)[C@H](CCCNC(=N)N)NC(=O)[C@H](CCCNC(=N)N)NC(C)=O)CSC2=C(SC[C@@H](C(=O)N[C@@H](CCCNC(=N)N)C(=O)N[C@@H](CCCNC(=N)N)C(=O)N[C@@H](CCCNC(=N)N)C(=O)N[C@@H](CCCNC(=N)N)C(N)=O)NC(=O)[C@H](C(C)C)NC(=O)[C@@H]3CCCN3C(=O)[C@H](CC(=O)O)NC(=O)[C@H](Cc3ccc(O)cc3)NC(=O)[C@H](CO)NC1=O)C(=O)NC2=O,"['CHEMBL4089137', 'CHEMBL4089137']","[7.045757490560675, 7.229147988357855]","[90.0, 59.0]",2,0.18339049779718053,CHEMBL4089137,['CHEMBL4089137']
CC[C@H](C)[C@@H]1NC(=O)[C@H](Cc2ccc(O)cc2)NC(=O)[C@H](CC(C)C)NC(=O)[C@@H]2CCCN2C(=O)[C@@H](NC(=O)[C@H](CCCNC(=N)N)NC(=O)[C@H](CCCNC(=N)N)NC(=O)[C@H](CCCNC(=N)N)NC(=O)[C@H](CCCNC(=N)N)NC(C)=O)CSCCCSC[C@@H](C(=O)N[C@@H](CCCNC(=N)N)C(=O)N[C@@H](CCCNC(=N)N)C(=O)N[C@@H](CCCNC(=N)N)C(=O)N[C@@H](CCCNC(=N)N)C(N)=O)NC(=O)[C@H](C(C)C)NC(=O)[C@@H]2CCCN2C(=O)[C@H](CC(=O)O)NC(=O)[C@H](Cc2ccc(O)cc2)NC(=O)[C@H](CO)NC1=O,"['CHEMBL4099289', 'CHEMBL4099289']","[7.080921907623926, 6.958607314841775]","[83.0, 110.0]",2,0.12231459278215162,CHEMBL4099289,['CHEMBL4099289']
CC[C@H](C)[C@@H]1NC(=O)[C@H](Cc2ccc(O)cc2)NC(=O)[C@H](CC(C)C)NC(=O)[C@@H]2CCCN2C(=O)[C@@H](NC(=O)[C@H](CCCNC(=N)N)NC(=O)[C@H](CCCNC(=N)N)NC(=O)[C@H](CCCNC(=N)N)NC(=O)[C@H](CCCNC(=N)N)NC(C)=O)CSCCSC[C@@H](C(=O)N[C@@H](CCCNC(=N)N)C(=O)N[C@@H](CCCNC(=N)N)C(=O)N[C@@H](CCCNC(=N)N)C(=O)N[C@@H](CCCNC(=N)N)C(N)=O)NC(=O)[C@H](C(C)C)NC(=O)[C@@H]2CCCN2C(=O)[C@H](CC(=O)O)NC(=O)[C@H](Cc2ccc(O)cc2)NC(=O)[C@H](CO)NC1=O,"['CHEMBL4081270', 'CHEMBL4081270']","[7.214670164989233, 7.200659450546418]","[61.0, 63.0]",2,0.014010714442814987,CHEMBL4081270,['CHEMBL4081270']
CC[C@H](C)[C@@H]1NC(=O)[C@H](Cc2ccc(O)cc2)NC(=O)[C@H](CC(C)C)NC(=O)[C@@H]2CCCN2C(=O)[C@@H](NC(=O)[C@H](CCCNC(=N)N)NC(=O)[C@H](CCCNC(=N)N)NC(=O)[C@H](CCCNC(=N)N)NC(=O)[C@H](CCCNC(=N)N)NC(C)=O)CSCSC[C@@H](C(=O)N[C@@H](CCCNC(=N)N)C(=O)N[C@@H](CCCNC(=N)N)C(=O)N[C@@H](CCCNC(=N)N)C(=O)N[C@@H](CCCNC(=N)N)C(N)=O)NC(=O)[C@H](C(C)C)NC(=O)[C@@H]2CCCN2C(=O)[C@H](CC(=O)O)NC(=O)[C@H](Cc2ccc(O)cc2)NC(=O)[C@H](CO)NC1=O,"['CHEMBL4091553', 'CHEMBL4091553']","[7.7447274948966935, 7.920818753952375]","[18.0, 12.0]",2,0.17609125905568135,CHEMBL4091553,['CHEMBL4091553']
CC[C@H](C)[C@@H]1NC(=O)[C@H](Cc2ccc(O)cc2)NC(=O)[C@H](CC(C)C)NC(=O)[C@@H]2CCCN2C(=O)[C@@H](NC(=O)[C@H](CCCNC(=N)N)NC(=O)[C@H](CCCNC(=N)N)NC(=O)[C@H](CCCNC(=N)N)NC(=O)[C@H](CCCNC(=N)N)NC(C)=O)CSCc2ccccc2CSC[C@@H](C(=O)N[C@@H](CCCNC(=N)N)C(=O)N[C@@H](CCCNC(=N)N)C(=O)N[C@@H](CCCNC(=N)N)C(=O)N[C@@H](CCCNC(=N)N)C(N)=O)NC(=O)[C@H](C(C)C)NC(=O)[C@@H]2CCCN2C(=O)[C@H](CC(=O)O)NC(=O)[C@H](Cc2ccc(O)cc2)NC(=O)[C@H](CO)NC1=O,"['CHEMBL4060952', 'CHEMBL4060952']","[5.58838029403677, 5.924453038607469]","[2580.0, 1190.0]",2,0.336072744570699,CHEMBL4060952,['CHEMBL4060952']
CC[C@H](C)[C@@H]1NC(=O)[C@H](Cc2ccc(O)cc2)NC(=O)[C@H](CC(C)C)NC(=O)[C@@H]2CCCN2C(=O)[C@@H](NC(=O)[C@H](CCCNC(=N)N)NC(=O)[C@H](CCCNC(=N)N)NC(=O)[C@H](CCCNC(=N)N)NC(=O)[C@H](CCCNC(=N)N)NC(C)=O)CSSC[C@@H](C(=O)N[C@@H](CCCNC(=N)N)C(=O)N[C@@H](CCCNC(=N)N)C(=O)N[C@@H](CCCNC(=N)N)C(=O)N[C@@H](CCCNC(=N)N)C(N)=O)NC(=O)[C@H](C(C)C)NC(=O)[C@@H]2CCCN2C(=O)[C@H](CC(=O)O)NC(=O)[C@H](C)NC(=O)[C@H](CO)NC1=O,"['CHEMBL4062018', 'CHEMBL4062018']","[7.1938200260161125, 6.61261017366127]","[64.0, 244.0]",2,0.5812098523548421,CHEMBL4062018,['CHEMBL4062018']
CC[C@H](C)[C@@H]1NC(=O)[C@H](Cc2ccc(O)cc2)NC(=O)[C@H](CC(C)C)NC(=O)[C@@H]2CCCN2C(=O)[C@@H](NC(=O)[C@H](CCCNC(=N)N)NC(=O)[C@H](CCCNC(=N)N)NC(=O)[C@H](CCCNC(=N)N)NC(=O)[C@H](CCCNC(=N)N)NC(C)=O)CSSC[C@@H](C(=O)N[C@@H](CCCNC(=N)N)C(=O)N[C@@H](CCCNC(=N)N)C(=O)N[C@@H](CCCNC(=N)N)C(=O)N[C@@H](CCCNC(=N)N)C(N)=O)NC(=O)[C@H](C(C)C)NC(=O)[C@@H]2CCCN2C(=O)[C@H](CC(=O)O)NC(=O)[C@H](Cc2ccc(O)cc2)NC(=O)[C@H](C)NC1=O,"['CHEMBL4081818', 'CHEMBL4081818']","[8.200659450546418, 7.657577319177793]","[6.3, 22.0]",2,0.5430821313686245,CHEMBL4081818,['CHEMBL4081818']
CC[C@H](C)[C@@H]1NC(=O)[C@H](Cc2ccc(O)cc2)NC(=O)[C@H](CC(C)C)NC(=O)[C@@H]2CCCN2C(=O)[C@@H](NC(=O)[C@H](CCCNC(=N)N)NC(=O)[C@H](CCCNC(=N)N)NC(=O)[C@H](CCCNC(=N)N)NC(=O)[C@H](CCCNC(=N)N)NC(C)=O)CSSC[C@@H](C(=O)N[C@@H](CCCNC(=N)N)C(=O)N[C@@H](CCCNC(=N)N)C(=O)N[C@@H](CCCNC(=N)N)C(=O)N[C@@H](CCCNC(=N)N)C(N)=O)NC(=O)[C@H](C(C)C)NC(=O)[C@@H]2CCCN2C(=O)[C@H](CC(=O)O)NC(=O)[C@H](Cc2ccc(O)cc2)NC(=O)[C@H](CO)NC1=O,"['CHEMBL4072295', 'CHEMBL4072295']","[8.795880017344075, 7.060480747381382]","[1.6, 87.0]",2,1.7353992699626932,CHEMBL4072295,['CHEMBL4072295']
CC[C@H](C)[C@@H]1NC(=O)[C@H](Cc2ccc(O)cc2)NC(=O)[C@H](CC(C)C)NC(=O)[C@@H]2CCCN2C(=O)[C@@H](NC(=O)[C@H](CCCNC(=N)N)NC(=O)[C@H](CCCNC(=N)N)NC(=O)[C@H](CCCNC(=N)N)NC(=O)[C@H](CCCNC(=N)N)NC(C)=O)CSSC[C@@H](C(=O)N[C@@H](CCCNC(=N)N)C(=O)N[C@@H](CCCNC(=N)N)C(=O)N[C@@H](CCCNC(=N)N)C(=O)N[C@@H](CCCNC(=N)N)C(N)=O)NC(=O)[C@H](C(C)C)NC(=O)[C@H](C)NC(=O)[C@H](CC(=O)O)NC(=O)[C@H](Cc2ccc(O)cc2)NC(=O)[C@H](CO)NC1=O,"['CHEMBL4083770', 'CHEMBL4083770']","[8.568636235841012, 8.130768280269024]","[2.7, 7.4]",2,0.43786795557198843,CHEMBL4083770,['CHEMBL4083770']
CC[C@H](C)[C@@H]1NC(=O)[C@H](Cc2ccc(O)cc2)NC(=O)[C@H](CC(C)C)NC(=O)[C@@H]2CCCN2C(=O)[C@@H](NC(=O)[C@H](CCCNC(=N)N)NC(=O)[C@H](CCCNC(=N)N)NC(=O)[C@H](CCCNC(=N)N)NC(=O)[C@H](CCCNC(=N)N)NC(C)=O)CSSC[C@@H](C(=O)N[C@@H](CCCNC(=N)N)C(=O)N[C@@H](CCCNC(=N)N)C(=O)N[C@@H](CCCNC(=N)N)C(=O)N[C@@H](CCCNC(=N)N)C(N)=O)NC(=O)[C@H](C)NC(=O)[C@@H]2CCCN2C(=O)[C@H](CC(=O)O)NC(=O)[C@H](Cc2ccc(O)cc2)NC(=O)[C@H](CO)NC1=O,"['CHEMBL4070657', 'CHEMBL4070657']","[8.1249387366083, 7.446116973356125]","[7.5, 35.8]",2,0.6788217632521745,CHEMBL4070657,['CHEMBL4070657']
CC[C@H](C)[C@@H]1NC(=O)[C@H](Cc2ccc(O)cc2)NC(=O)[C@H](CC(C)C)NC(=O)[C@@H]2CCCN2C(=O)[C@@H](NC(C)=O)CSSC[C@@H](C(N)=O)NC(=O)[C@H](C(C)C)NC(=O)[C@@H]2CCCN2C(=O)[C@H](CC(=O)O)NC(=O)[C@H](Cc2ccc(O)cc2)NC(=O)[C@H](CO)NC1=O,"['CHEMBL4100766', 'CHEMBL4100766']","[7.958607314841775, 5.010105436281227]","[11.0, 9770.0]",2,2.9485018785605472,CHEMBL4100766,['CHEMBL4100766']
CC[C@H](C)[C@@H]1NC(=O)[C@H](Cc2ccc(O)cc2)NC(=O)[C@H](CC(C)C)NC(=O)[C@H](C)NC(=O)[C@@H](NC(=O)[C@H](CCCNC(=N)N)NC(=O)[C@H](CCCNC(=N)N)NC(=O)[C@H](CCCNC(=N)N)NC(=O)[C@H](CCCNC(=N)N)NC(C)=O)CSSC[C@@H](C(=O)N[C@@H](CCCNC(=N)N)C(=O)N[C@@H](CCCNC(=N)N)C(=O)N[C@@H](CCCNC(=N)N)C(=O)N[C@@H](CCCNC(=N)N)C(N)=O)NC(=O)[C@H](C(C)C)NC(=O)[C@@H]2CCCN2C(=O)[C@H](CC(=O)O)NC(=O)[C@H](Cc2ccc(O)cc2)NC(=O)[C@H](CO)NC1=O,"['CHEMBL4075048', 'CHEMBL4075048']","[7.721246399047171, 6.764471553092451]","[19.0, 172.0]",2,0.9567748459547198,CHEMBL4075048,['CHEMBL4075048']
CCc1c(Cl)cccc1-c1ncc2c(N3CC4CCC(C3)N4)nc(OCC34CCCN3CCC4)nc2c1F,"['CHEMBL5812551', 'CHEMBL5812551']","[8.045757490560675, 5.726304412069908]","[9.0, 1878.0]",2,2.319453078490767,CHEMBL5812551,['CHEMBL5812551']
CCc1c(F)ccc2cc(O)cc(-c3ncc4c(N5CC(O)CC6(CC6)C5)nc(OC[C@@]56CCCN5C[C@H](F)C6)nc4c3F)c12,"['CHEMBL5289987', 'CHEMBL5289987']","[9.0, 8.698970004336019]","[1.0, 2.0]",2,0.30102999566398125,CHEMBL5289987,['CHEMBL5289987']
CCc1c(F)ccc2cc(O)cc(-c3ncc4c(N5CC6CCC(C5)N6)nc(OCC56CCCN5CCC6)nc4c3F)c12,"['CHEMBL5840711', 'CHEMBL5840711']","[9.221848749616356, 8.431798275933005]","[0.6, 3.7]",2,0.7900504736833511,CHEMBL5840711,['CHEMBL5840711']
CCc1c(F)ccc2cc(O)cc(-c3ncc4c(N5CC6CCC(C5)N6)nc(OC[C@@]56CCCN5C[C@H](F)C6)nc4c3F)c12,"['CHEMBL4863371', 'CHEMBL4863371', 'CHEMBL4863371']","[9.096910013008056, 9.096910013008056, 8.698970004336019]","[0.8, 0.8, 2.0]",3,0.3979400086720375,CHEMBL4863371,"['CHEMBL4863371', 'CHEMBL4863371']"
CCc1c(F)ccc2cc(O)cc(-c3ncc4c(N5CC6CCC(C5)N6)nc(OC[C@]56CCCN5[C@@H](COC(=O)N(C)C)CC6)nc4c3F)c12,"['CHEMBL5829922', 'CHEMBL5829922']","[9.301029995663981, 8.387216143280265]","[0.5, 4.1]",2,0.9138138523837167,CHEMBL5829922,['CHEMBL5829922']
CCc1c(F)ccc2cc(O)cc(-c3ncc4c(N5CCCC6(CC(=O)N6)C5)nc(OC[C@@]56CCCN5C[C@H](F)C6)nc4c3F)c12,"['CHEMBL5276699', 'CHEMBL5276699']","[9.0, 8.698970004336019]","[1.0, 2.0]",2,0.30102999566398125,CHEMBL5276699,['CHEMBL5276699']
CCc1c(F)ccc2cc(O)cc(-c3ncc4c(N5CCCC6(CCO6)C5)nc(OC[C@@]56CCCN5C[C@H](F)C6)nc4c3C)c12,"['CHEMBL5275926', 'CHEMBL5275926']","[8.0, 8.397940008672037]","[10.0, 4.0]",2,0.3979400086720375,CHEMBL5275926,['CHEMBL5275926']
CCc1c(F)ccc2cc(O)cc(-c3ncc4c(N5CCCC6(CCO6)C5)nc(OC[C@@]56CCCN5C[C@H](F)C6)nc4c3F)c12,"['CHEMBL5279240', 'CHEMBL5279240']","[8.698970004336019, 8.522878745280337]","[2.0, 3.0]",2,0.17609125905568135,CHEMBL5279240,['CHEMBL5279240']
CCc1c(F)ccc2cc(O)cc(-c3ncc4c(N5CCCC6(CNC(=O)O6)C5)nc(OC[C@@]56CCCN5C[C@H](F)C6)nc4c3F)c12,"['CHEMBL5267786', 'CHEMBL5267786']","[9.0, 9.0]","[1.0, 1.0]",2,0.0,CHEMBL5267786,['CHEMBL5267786']
CCc1c(F)ccc2cccc(-c3ncc4c(N5CC6CCC(C5)N6)nc(OCC56CCCN5CCC6)nc4c3F)c12,"['CHEMBL5985758', 'CHEMBL5985758']","[9.045757490560675, 6.642065152999546]","[0.9, 228.0]",2,2.4036923375611288,CHEMBL5985758,['CHEMBL5985758']
CCc1c(F)ccc2cccc(-c3ncc4c(N5CC6CCC(C5)N6)nc(OC[C@@]56CCCN5C[C@H](F)C6)nc4c3F)c12,"['CHEMBL5979136', 'CHEMBL5979136']","[9.154901959985743, 6.149966742310231]","[0.7, 708.0]",2,3.004935217675512,CHEMBL5979136,['CHEMBL5979136']
CCc1ccc(O)cc1-c1ncc2c(N3CC4CCC(C3)N4)nc(OCC34CCCN3CCC4)nc2c1F,"['CHEMBL5873176', 'CHEMBL5873176']","[8.823908740944319, 5.116849800316722]","[1.5, 7641.0]",2,3.707058940627596,CHEMBL5873176,['CHEMBL5873176']
CCc1cccc2cc(O)cc(-c3ncc4c(N5CC6CCC(C5)N6)nc(OC[C@@]56CCCN5C[C@H](F)C6)nc4c3F)c12,"['CHEMBL6048506', 'CHEMBL6048506']","[9.096910013008056, 8.4089353929735]","[0.8, 3.9]",2,0.6879746200345558,CHEMBL6048506,['CHEMBL6048506']
CCc1cccc2cc(O)cc(-c3ncc4c(N5CC6CCC(C5)N6)nc(OC[C@]56CCCN5[C@@H](COC(=O)N(C)C)CC6)nc4c3F)c12,"['CHEMBL6028889', 'CHEMBL6028889']","[9.154901959985743, 8.173925197299173]","[0.7, 6.7]",2,0.98097676268657,CHEMBL6028889,['CHEMBL6028889']
CCc1cccc2cc(O)cc(-c3ncc4c(N5CC6CCC(C5)N6)nc(OC[C@]56CCCN5[C@@H](COC(=O)NC)CC6)nc4c3F)c12,"['CHEMBL5828205', 'CHEMBL5828205']","[9.045757490560675, 7.364516253185088]","[0.9, 43.2]",2,1.6812412373755867,CHEMBL5828205,['CHEMBL5828205']
CCc1cccc2cc(O)cc(-c3ncc4c(N5CCCC6(CC(O)C6)C5)nc(OC[C@@]56CCCN5C[C@H](F)C6)nc4c3F)c12,"['CHEMBL5286301', 'CHEMBL5286301']","[8.698970004336019, 9.0]","[2.0, 1.0]",2,0.30102999566398125,CHEMBL5286301,['CHEMBL5286301']
CCc1cccc2cc(O)cc(-c3ncc4c(N5CCCC6(CCO6)C5)nc(OC[C@@]56CCCN5C[C@H](F)C6)nc4c3F)c12,"['CHEMBL5279657', 'CHEMBL5279657']","[8.698970004336019, 8.522878745280337]","[2.0, 3.0]",2,0.17609125905568135,CHEMBL5279657,['CHEMBL5279657']
CCc1cccc2cccc(-c3ncc4c(N5CC6CCC(C5)N6)nc(OCC56CCCN5CCC6)nc4c3F)c12,"['CHEMBL5800970', 'CHEMBL5800970']","[8.769551078621726, 6.346787486224656]","[1.7, 450.0]",2,2.42276359239707,CHEMBL5800970,['CHEMBL5800970']
CCc1cccc2cccc(-c3ncc4c(N5CC6CCC(C5)N6)nc(OC[C@]56CCCN5[C@@H](COC(=O)N5CCOCC5)CC6)nc4c3F)c12,"['CHEMBL5860569', 'CHEMBL5860569']","[8.853871964321762, 7.129011186239425]","[1.4, 74.3]",2,1.7248607780823368,CHEMBL5860569,['CHEMBL5860569']
CCc1cccc2cccc(-c3ncc4c(N5CC6CCC(C5)N6)nc(OC[C@]56CCCN5[C@@H](COC(=O)NC)CC6)nc4c3F)c12,"['CHEMBL6042399', 'CHEMBL6042399']","[8.721246399047171, 6.97469413473523]","[1.9, 106.0]",2,1.7465522643119415,CHEMBL6042399,['CHEMBL6042399']
CCc1cccc2cncc(-c3ncc4c(N5CC6CCC(C5)N6)nc(OCC56CCCN5C[C@H](F)C6)nc4c3F)c12,"['CHEMBL6028944', 'CHEMBL6028944']","[7.991399828238082, 6.063486257521107]","[10.2, 864.0]",2,1.9279135707169752,CHEMBL6028944,['CHEMBL6028944']
CCn1ccc2cccc(-c3ncc4c(N5CC6CCC(C5)N6)nc(OCC56CCCN5CCC6)nc4c3F)c21,"['CHEMBL5910271', 'CHEMBL5910271']","[7.452225294612178, 5.702896349850743]","[35.3, 1982.0]",2,1.7493289447614346,CHEMBL5910271,['CHEMBL5910271']
CCn1nc(C)cc1-c1csc2c(O)nc(-c3ccccn3)nc12,"['CHEMBL5774607', 'CHEMBL5774607', 'CHEMBL5774607', 'CHEMBL5774607']","[4.688246138944246, 4.688246138944246, 4.688246138944246, 4.688246138944246]","[20500.0, 20500.0, 20500.0, 20500.0]",4,0.0,CHEMBL5774607,"['CHEMBL5774607', 'CHEMBL5774607', 'CHEMBL5774607']"
CN(C)C(=O)NC[C@H]1CC[C@@]2(COc3nc(N4CC5CCC(C4)N5)c4cnc(-c5cccc6cccc(Cl)c56)c(F)c4n3)CCCN12,"['CHEMBL5994125', 'CHEMBL5994125']","[7.752026733638194, 5.320662969479207]","[17.7, 4779.0]",2,2.431363764158987,CHEMBL5994125,['CHEMBL5994125']
CN(C)C(=O)OC[C@H]1CC[C@@]2(COc3nc(N4CC5CCC(C4)N5)c4cnc(-c5cccc6cccc(Cl)c56)c(F)c4n3)CCCN12,"['CHEMBL5927347', 'CHEMBL5927347']","[8.657577319177793, 6.527243550682788]","[2.2, 297.0]",2,2.1303337684950057,CHEMBL5927347,['CHEMBL5927347']
CN(C)C1CN(c2nc(N3CC4CCC(C3)N4)c3cnc(-c4cc(O)cc5ccccc45)c(F)c3n2)C1,"['CHEMBL5090412', 'CHEMBL5090412']","[7.540607512240769, 5.679230771661313]","[28.8, 2093.0]",2,1.8613767405794563,CHEMBL5090412,['CHEMBL5090412']
CN(C)CCOc1nc(N2CC3CCC(C2)N3)c2cnc(-c3cc(O)cc4ccccc34)c(F)c2n1,"['CHEMBL6007543', 'CHEMBL6007543']","[7.114638779968488, 5.426896216836009]","[76.8, 3742.0]",2,1.6877425631324794,CHEMBL6007543,['CHEMBL6007543']
CN(C)Cc1ccc(F)c(-c2csc3c(O)nc(-c4ccccn4)nc23)c1,"['CHEMBL5900980', 'CHEMBL5900980', 'CHEMBL5900980', 'CHEMBL5900980']","[4.688246138944246, 4.688246138944246, 4.688246138944246, 4.688246138944246]","[20500.0, 20500.0, 20500.0, 20500.0]",4,0.0,CHEMBL5900980,"['CHEMBL5900980', 'CHEMBL5900980', 'CHEMBL5900980']"
CN(C)c1ccccc1-c1ncc2c(N3CC4CCC(C3)N4)nc(OCC34CCCN3CCC4)nc2c1F,"['CHEMBL5793285', 'CHEMBL5793285']","[6.950781977329818, 5.072014052900571]","[112.0, 8472.0]",2,1.8787679244292468,CHEMBL5793285,['CHEMBL5793285']
CN1CCC[C@H]1COc1nc(N2CC3CCC(C)(C2)N3)c2cnc(-c3cc(O)cc4ccccc34)c(F)c2n1,"['CHEMBL5892364', 'CHEMBL5892364', 'CHEMBL5892364', 'CHEMBL5892364']","[8.040958607678906, 7.132532512140949, 5.747875447494356, 5.374481771028362]","[9.1, 73.7, 1787.0, 4222.0]",4,2.666476836650544,CHEMBL5892364,"['CHEMBL5892364', 'CHEMBL5892364', 'CHEMBL5892364']"
CN1CCC[C@H]1COc1nc(N2CC3CCC(C2)N3)c2cnc(-c3c(Cl)c(O)cc4ccccc34)c(F)c2n1,"['CHEMBL5819505', 'CHEMBL5819505']","[8.657577319177793, 5.790216985151485]","[2.2, 1621.0]",2,2.8673603340263085,CHEMBL5819505,['CHEMBL5819505']
CN1CCC[C@H]1COc1nc(N2CC3CCC(C2)N3)c2cnc(-c3cc(O)c(Br)c4ccccc34)c(F)c2n1,"['CHEMBL5808083', 'CHEMBL5808083']","[7.131355561605174, 5.3147958655289855]","[73.9, 4844.0]",2,1.8165596960761885,CHEMBL5808083,['CHEMBL5808083']
CN1CCC[C@H]1COc1nc(N2CC3CCC(C2)N3)c2cnc(-c3cc(O)cc4cccc(Cl)c34)c(F)c2n1,"['CHEMBL5905084', 'CHEMBL5905084']","[9.397940008672037, 6.7281583934635005]","[0.4, 187.0]",2,2.669781615208537,CHEMBL5905084,['CHEMBL5905084']
CN1CCC[C@H]1COc1nc(N2CC3CCC(C2)N3)c2cnc(-c3cc(O)cc4ccccc34)c(Cl)c2n1,"['CHEMBL5975993', 'CHEMBL5975993']","[7.1605219526258015, 5.296966695266314]","[69.1, 5047.0]",2,1.8635552573594873,CHEMBL5975993,['CHEMBL5975993']
CN1CCC[C@H]1COc1nc(N2CC3CCC(C2)N3)c2cnc(-c3cc(O)cc4ccccc34)c(F)c2n1,"['CHEMBL5200392', 'CHEMBL5200392']","[8.568636235841012, 6.142064735280571]","[2.7, 721.0]",2,2.426571500560441,CHEMBL5200392,['CHEMBL5200392']
CN1CCC[C@H]1COc1nc(N2CC3CCC(C2)N3)c2cnc(-c3cc(O)cc4ccccc34)cc2n1,"['CHEMBL5899736', 'CHEMBL5899736']","[6.903089986991944, 5.500450374094851]","[125.0, 3159.0]",2,1.4026396128970928,CHEMBL5899736,['CHEMBL5899736']
CN1CCC[C@H]1COc1nc(N2CC3CCC(C2)N3)c2cnc(-c3cccc4ccc(F)c(Cl)c34)c(F)c2n1,"['CHEMBL5807259', 'CHEMBL5807259']","[7.4723700991286615, 5.6401645176601125]","[33.7, 2290.0]",2,1.832205581468549,CHEMBL5807259,['CHEMBL5807259']
CN1CCC[C@H]1COc1nc(N2CC3CCC(C2)N3)c2cnc(-c3cccc4cccc(Cl)c34)c(F)c2n1,"['CHEMBL5854165', 'CHEMBL5854165']","[7.218244625347531, 5.591929714112815]","[60.5, 2559.0]",2,1.6263149112347168,CHEMBL5854165,['CHEMBL5854165']
CN1CCC[C@H]1COc1nc(N2CC3CCC(CCC#N)(C2)N3)c2cnc(-c3cc(O)cc4ccccc34)c(F)c2n1,"['CHEMBL5875279', 'CHEMBL5875279']","[7.575118363368933, 5.096964303211503]","[26.6, 7999.0]",2,2.47815406015743,CHEMBL5875279,['CHEMBL5875279']
CN1CCC[C@H]1COc1nc(N2CC3CCC(Cl)(C2)N3)c2cnc(-c3cc(O)cc4ccccc34)c(F)c2n1,"['CHEMBL5892737', 'CHEMBL5892737']","[6.920818753952375, 5.159204101152906]","[120.0, 6931.0]",2,1.7616146527994685,CHEMBL5892737,['CHEMBL5892737']
CN1CCC[C@H]1COc1nc(N2CC3C[C@@H](O)C(C2)N3)c2cnc(-c3cc(O)cc4ccccc34)c(F)c2n1,"['CHEMBL5812300', 'CHEMBL5812300']","[8.795880017344075, 5.615109203469446]","[1.6, 2426.0]",2,3.180770813874629,CHEMBL5812300,['CHEMBL5812300']
CN1CC[C@@H](COc2nc(N3CC4CCC(C3)N4)c3cnc(-c4cccc5cccc(Cl)c45)c(F)c3n2)C1,"['CHEMBL5859388', 'CHEMBL5859388']","[7.059483515067432, 4.923723744595782]","[87.2, 11920.0]",2,2.13575977047165,CHEMBL5859388,['CHEMBL5859388']
CN1C[C@H](F)C[C@H]1COc1nc(N2CC3CCC(C2)N3)c2cnc(-c3cc(O)cc4ccccc34)c(F)c2n1,"['CHEMBL5783210', 'CHEMBL5783210']","[7.266802734893431, 5.416347891457956]","[54.1, 3834.0]",2,1.8504548434354744,CHEMBL5783210,['CHEMBL5783210']
CN1C[C@H](F)C[C@H]1COc1nc(N2CC3CCC(C2)N3)c2cnc(-c3cccc4cccc(Cl)c34)c(F)c2n1,"['CHEMBL5829177', 'CHEMBL5829177']","[6.7594507517174005, 5.021636852916117]","[174.0, 9514.0]",2,1.7378138988012832,CHEMBL5829177,['CHEMBL5829177']
CN1C[C@H](NC(=O)c2ccc(S(=O)(=O)F)cc2)C[C@H]1COc1nc(N2CC3CCC(C2)N3)c2cnc(-c3cccc4cccc(Cl)c34)c(F)c2n1,"['CHEMBL5987736', 'CHEMBL5987736']","[7.009661145212398, 4.955930849531086]","[97.8, 11068.0]",2,2.053730295681312,CHEMBL5987736,['CHEMBL5987736']
CN1C[C@H](NC(=O)c2cccc(S(=O)(=O)F)c2)C[C@H]1COc1nc(N2CC3CCC(C2)N3)c2cnc(-c3cccc4cccc(Cl)c34)c(F)c2n1,"['CHEMBL6050012', 'CHEMBL6050012']","[6.673664139071249, 4.869441100135986]","[212.0, 13507.0]",2,1.8042230389352634,CHEMBL6050012,['CHEMBL6050012']
CNC(=O)OC[C@H]1CC[C@@]2(COc3nc(N4CC5CCC(C4)N5)c4cnc(-c5cccc6cccc(Cl)c56)c(F)c4n3)CCCN12,"['CHEMBL6037037', 'CHEMBL6037037']","[8.508638306165727, 6.623423042943488]","[3.1, 238.0]",2,1.8852152632222392,CHEMBL6037037,['CHEMBL6037037']
CNC(=O)O[C@@H]1CN2CCC[C@]2(COc2nc(N3CC4CCC(C3)N4)c3cnc(-c4cccc5cccc(Cl)c45)c(F)c3n2)C1,"['CHEMBL6034191', 'CHEMBL6034191']","[7.549750891680639, 5.739451627363021]","[28.2, 1822.0]",2,1.8102992643176181,CHEMBL6034191,['CHEMBL6034191']
CNc1nc(N2CC3CCC(C2)N3)c2cnc(-c3cc(O)cc4ccccc34)c(F)c2n1,"['CHEMBL5986499', 'CHEMBL5986499']","[6.405607449624574, 5.279675282582558]","[393.0, 5252.0]",2,1.1259321670420155,CHEMBL5986499,['CHEMBL5986499']
COC(=O)NC[C@H]1CC[C@@]2(COc3nc(N4CC5CCC(C4)N5)c4cnc(-c5cccc6cccc(Cl)c56)c(F)c4n3)CCCN12,"['CHEMBL5941525', 'CHEMBL5941525']","[7.769551078621726, 6.127843727251707]","[17.0, 745.0]",2,1.6417073513700187,CHEMBL5941525,['CHEMBL5941525']
COC(c1ccc(O)cc1-c1ncc2c(N3CC4CCC(C3)N4)nc(OC[C@@]34CCCN3C[C@H](F)C4)nc2c1F)C(F)(F)F,"['CHEMBL5748810', 'CHEMBL5748810']","[7.434152181326482, 5.2140298748679905]","[36.8, 6109.0]",2,2.2201223064584914,CHEMBL5748810,['CHEMBL5748810']
COC1(OC)CN2CCCC2(COc2nc(N3CC4CCC(C3)N4)c3cnc(-c4cccc5cccc(Cl)c45)c(F)c3n2)C1,"['CHEMBL5974157', 'CHEMBL5974157']","[7.216096420727265, 5.079250738724292]","[60.8, 8332.0]",2,2.1368456820029733,CHEMBL5974157,['CHEMBL5974157']
COC1CN2CCCC2(COc2nc(N3CC4CCC(C3)N4)c3cnc(-c4cc(O)cc5cccc(F)c45)c(F)c3n2)C1,"['CHEMBL4876243', 'CHEMBL4876243', 'CHEMBL4876243']","[9.221848749616356, 9.221848749616356, 7.39577394691553]","[0.6, 0.6, 40.2]",3,1.826074802700826,CHEMBL4876243,"['CHEMBL4876243', 'CHEMBL4876243']"
COCCCN1CCC(Oc2nc(N3CC4CCC(C3)N4)c3cnc(-c4cc(O)cc5ccccc45)c(F)c3n2)CC1,"['CHEMBL5884483', 'CHEMBL5884483']","[7.115204636051019, 5.177374321225859]","[76.7, 6647.0]",2,1.9378303148251605,CHEMBL5884483,['CHEMBL5884483']
COCCCOc1nc(N2CC3CCC(C2)N3)c2cnc(-c3cc(O)cc4ccccc34)c(F)c2n1,"['CHEMBL5990636', 'CHEMBL5990636']","[6.590066876668706, 5.123147352398656]","[257.0, 7531.0]",2,1.4669195242700495,CHEMBL5990636,['CHEMBL5990636']
COCCNC(=O)O[C@@H]1C[C@@H](COc2nc(N3CC4CCC(C3)N4)c3cnc(-c4cccc5cccc(Cl)c45)c(F)c3n2)N(C)C1,"['CHEMBL5864164', 'CHEMBL5864164']","[7.000869458712629, 5.213532523259717]","[99.8, 6116.0]",2,1.7873369354529114,CHEMBL5864164,['CHEMBL5864164']
COCCO[C@@H]1C[C@@H](COc2nc(N3CC4CCC(C3)N4)c3cnc(-c4cccc5cccc(Cl)c45)c(F)c3n2)N(C)C1,"['CHEMBL5838543', 'CHEMBL5838543']","[7.026872146400302, 4.9919536938416496]","[94.0, 10187.0]",2,2.034918452558652,CHEMBL5838543,['CHEMBL5838543']
COC[C@H]1CC[C@@]2(COc3nc(N4CC5CCC(C4)N5)c4cnc(-c5cc(O)cc6ccccc56)c(F)c4n3)CCCN12,"['CHEMBL5923638', 'CHEMBL5923638']","[8.853871964321762, 6.1073489661227]","[1.4, 781.0]",2,2.7465229981990618,CHEMBL5923638,['CHEMBL5923638']
CO[C@@H]1CN2CCC[C@]2(COc2nc(N3CC4CCC(C3)N4)c3cnc(-c4cccc5cccc(Cl)c45)c(F)c3n2)C1,"['CHEMBL5965677', 'CHEMBL5965677']","[8.09151498112135, 5.692076296388118]","[8.1, 2032.0]",2,2.399438684733232,CHEMBL5965677,['CHEMBL5965677']
CO[C@@H]1C[C@@H](COc2nc(N3CC4CCC(C3)N4)c3cnc(-c4cc(O)cc5ccccc45)c(F)c3n2)N(C)C1,"['CHEMBL5775996', 'CHEMBL5775996']","[8.508638306165727, 6.195179321278838]","[3.1, 638.0]",2,2.313458984886889,CHEMBL5775996,['CHEMBL5775996']
CO[C@@H]1C[C@@H](COc2nc(N3CC4CCC(C3)N4)c3cnc(-c4cccc5cccc(Cl)c45)c(F)c3n2)N(C)C1,"['CHEMBL5913499', 'CHEMBL5913499']","[6.8696662315049934, 5.375924268854318]","[135.0, 4208.0]",2,1.4937419626506756,CHEMBL5913499,['CHEMBL5913499']
CO[C@H]1CN2CCC[C@]2(COc2nc(N3CC4CCC(C3)N4)c3cnc(-c4cc(O)cc5cccc(F)c45)c(F)c3n2)C1,"['CHEMBL5862570', 'CHEMBL5862570']","[9.045757490560675, 6.356547323513812]","[0.9, 440.0]",2,2.6892101670468627,CHEMBL5862570,['CHEMBL5862570']
CO[C@H]1CN2CCC[C@]2(COc2nc(N3CC4CCC(C3)N4)c3cnc(-c4cccc5cccc(Cl)c45)c(F)c3n2)C1,"['CHEMBL5762687', 'CHEMBL5762687']","[8.036212172654444, 5.514562518923698]","[9.2, 3058.0]",2,2.521649653730746,CHEMBL5762687,['CHEMBL5762687']
COc1cccc(C2CN(C(=O)c3csc4c(O)nc(-c5ccccn5)nc34)CCN2)c1,"['CHEMBL6048725', 'CHEMBL6048725', 'CHEMBL6048725', 'CHEMBL6048725']","[4.688246138944246, 4.688246138944246, 4.688246138944246, 4.688246138944246]","[20500.0, 20500.0, 20500.0, 20500.0]",4,0.0,CHEMBL6048725,"['CHEMBL6048725', 'CHEMBL6048725', 'CHEMBL6048725']"
COc1cccc2cccc(-c3ncc4c(N5CC6CCC(C5)N6)nc(OCC56CCCN5CCC6)nc4c3F)c12,"['CHEMBL5745852', 'CHEMBL5745852']","[7.6020599913279625, 5.58070527824654]","[25.0, 2626.0]",2,2.021354713081423,CHEMBL5745852,['CHEMBL5745852']
COc1ccccc1C1CN(C(=O)c2csc3c(O)nc(-c4ccccn4)nc23)CCO1,"['CHEMBL5741814', 'CHEMBL5741814', 'CHEMBL5741814', 'CHEMBL5741814']","[4.688246138944246, 4.688246138944246, 4.688246138944246, 4.688246138944246]","[20500.0, 20500.0, 20500.0, 20500.0]",4,0.0,CHEMBL5741814,"['CHEMBL5741814', 'CHEMBL5741814', 'CHEMBL5741814']"
COc1nc(N2CC3CCC(C2)N3)c2cnc(-c3cc(O)cc4cccc(Cl)c34)c(F)c2n1,"['CHEMBL5952275', 'CHEMBL5952275']","[7.29413628771608, 5.078157518594142]","[50.8, 8353.0]",2,2.2159787691219384,CHEMBL5952275,['CHEMBL5952275']
CS(=O)(=O)NC[C@H]1CC[C@@]2(COc3nc(N4CC5CCC(C4)N5)c4cnc(-c5cccc6cccc(Cl)c56)c(F)c4n3)CCCN12,"['CHEMBL5922205', 'CHEMBL5922205']","[7.698970004336019, 5.107015449289284]","[20.0, 7816.0]",2,2.591954555046735,CHEMBL5922205,['CHEMBL5922205']
CS(=O)(=O)c1cccc(C(=O)N2CCCc3c(O)nc(-c4ccccn4)nc32)c1,"['CHEMBL5756840', 'CHEMBL5756840', 'CHEMBL5756840', 'CHEMBL5756840']","[5.1249387366083, 5.1249387366083, 5.1249387366083, 5.1249387366083]","[7500.0, 7500.0, 7500.0, 7500.0]",4,0.0,CHEMBL5756840,"['CHEMBL5756840', 'CHEMBL5756840', 'CHEMBL5756840']"
CSc1cccc2cc(O)cc(-c3ncc4c(N5CC6CCC(C5)N6)nc(OCC56CCCN5C[C@H](F)C6)nc4c3F)c12,"['CHEMBL5889261', 'CHEMBL5889261']","[9.154901959985743, 7.978810700930062]","[0.7, 10.5]",2,1.1760912590556813,CHEMBL5889261,['CHEMBL5889261']
CSc1cccc2cccc(-c3ncc4c(N5CC6CCC(C5)N6)nc(OCC56CCCN5CCC6)nc4c3F)c12,"['CHEMBL5900642', 'CHEMBL5900642']","[8.698970004336019, 6.332547047110046]","[2.0, 465.0]",2,2.366422957225973,CHEMBL5900642,['CHEMBL5900642']
C[C@@H]1C[C@@H]1c1ccccc1-c1ncc2c(N3CC4CCC(C3)N4)nc(OCC34CCCN3CCC4)nc2c1F,"['CHEMBL5935772', 'CHEMBL5935772']","[7.764471553092451, 5.761201437286083]","[17.2, 1733.0]",2,2.0032701158063686,CHEMBL5935772,['CHEMBL5935772']
C[C@@H]1C[C@H]1c1c(Cl)cc(O)cc1-c1ncc2c(N3CC4CCC(C3)N4)nc(OC[C@@]34CCCN3C[C@H](F)C4)nc2c1F,"['CHEMBL5897986', 'CHEMBL5897986']","[9.0, 7.863279432843593]","[1.0, 13.7]",2,1.1367205671564067,CHEMBL5897986,['CHEMBL5897986']
C[C@H]1CN2CCC[C@@]2(COc2nc(N3CC4CCC(C3)N4)c3cnc(-c4cccc5cccc(Cl)c45)c(F)c3n2)C1,"['CHEMBL5869672', 'CHEMBL5869672']","[8.193820026016112, 5.526367073126159]","[6.4, 2976.0]",2,2.6674529528899535,CHEMBL5869672,['CHEMBL5869672']
C[C@H]1C[C@H]1c1ccccc1-c1ncc2c(N3CC4CCC(C3)N4)nc(OCC34CCCN3CCC4)nc2c1F,"['CHEMBL5888364', 'CHEMBL5888364']","[7.042392712939905, 5.093287943057036]","[90.7, 8067.0]",2,1.9491047698828687,CHEMBL5888364,['CHEMBL5888364']
Cc1c(-c2cc(O)cc3ccccc23)ncc2c(N3CC4CCC(C3)N4)nc(OC[C@@H]3CCCN3C)nc12,"['CHEMBL5742215', 'CHEMBL5742215']","[7.193141970481182, 4.7874395420288565]","[64.1, 16314.0]",2,2.405702428452326,CHEMBL5742215,['CHEMBL5742215']
Cc1c(Cl)cc2[nH]ncc2c1-c1ncc2c(N3CC4CCC(C3)N4)nc(OC[C@@]34CCCN3C[C@H](F)C4)nc2c1F,"['CHEMBL5927161', 'CHEMBL5927161']","[8.55284196865778, 6.218963061378869]","[2.8, 604.0]",2,2.333878907278912,CHEMBL5927161,['CHEMBL5927161']
Cc1c(Cl)cccc1-c1ncc2c(N3CC4CCC(C3)N4)nc(OCC34CCCN3CCC4)nc2c1F,"['CHEMBL5876087', 'CHEMBL5876087']","[7.444905551421681, 5.327348077159998]","[35.9, 4706.0]",2,2.117557474261683,CHEMBL5876087,['CHEMBL5876087']
Cc1cc2[nH]ccc2c(-c2ncc3c(N4CC5CCC(C4)N5)nc(OCC45CCCN4CCC5)nc3c2F)c1C,"['CHEMBL5917666', 'CHEMBL5917666']","[7.549750891680639, 5.126214539181799]","[28.2, 7478.0]",2,2.4235363524988403,CHEMBL5917666,['CHEMBL5917666']
Cc1cc2[nH]ncc2c(-c2ncc3c(N4CC5CCC(C4)N5)nc(OCC45CCCN4CCC5)nc3c2F)c1C,"['CHEMBL5788518', 'CHEMBL5788518']","[8.455931955649724, 5.113170995323018]","[3.5, 7706.0]",2,3.3427609603267063,CHEMBL5788518,['CHEMBL5788518']
Cc1cc2[nH]ncc2c(-c2ncc3c(N4CC5CCC(C4)N5)nc(OC[C@@]45CCCN4C[C@H](F)C5)nc3c2F)c1Cl,"['CHEMBL6025913', 'CHEMBL6025913']","[8.585026652029182, 6.235077015350111]","[2.6, 582.0]",2,2.349949636679071,CHEMBL6025913,['CHEMBL6025913']
Cc1ccc(O)cc1-c1ncc2c(N3CC4CCC(C3)N4)nc(OCC34CCCN3C[C@H](F)C4)nc2c1F,"['CHEMBL5852523', 'CHEMBL5852523']","[7.45717457304082, 5.403512866263456]","[34.9, 3949.0]",2,2.0536617067773646,CHEMBL5852523,['CHEMBL5852523']
Cc1ccc2[nH]ncc2c1-c1ncc2c(N3CC4CCC(C3)N4)nc(OCC34CCCN3C[C@H](F)C4)nc2c1F,"['CHEMBL5952349', 'CHEMBL5952349']","[6.943095148663527, 4.965531977244957]","[114.0, 10826.0]",2,1.97756317141857,CHEMBL5952349,['CHEMBL5952349']
Cc1cccc(-c2ncc3c(N4CC5CCC(C4)N5)nc(OCC45CCCN4CCC5)nc3c2F)c1C,"['CHEMBL5812240', 'CHEMBL5812240']","[7.269217724333611, 5.151256818104317]","[53.8, 7059.0]",2,2.1179609062292943,CHEMBL5812240,['CHEMBL5812240']
Cc1cccc(-c2ncc3c(N4CC5CCC(C4)N5)nc(OCC45CCCN4CCC5)nc3c2F)c1C(C)C,"['CHEMBL5824370', 'CHEMBL5824370']","[7.454692883534176, 5.498529927899588]","[35.1, 3173.0]",2,1.9561629556345883,CHEMBL5824370,['CHEMBL5824370']
Cc1cccc(-c2ncc3c(N4CC5CCC(C4)N5)nc(OCC45CCCN4CCC5)nc3c2F)c1Cl,"['CHEMBL5907457', 'CHEMBL5907457']","[7.790484985457369, 5.421475394725007]","[16.2, 3789.0]",2,2.369009590732362,CHEMBL5907457,['CHEMBL5907457']
Cc1cccc(CCOc2nc(N3CC4CCC(C3)N4)c3cnc(-c4cc(O)cc5ccccc45)c(F)c3n2)n1,"['CHEMBL6020931', 'CHEMBL6020931']","[6.270835210307229, 4.976582910158895]","[536.0, 10554.0]",2,1.294252300148334,CHEMBL6020931,['CHEMBL6020931']
Cc1cccc(OCC(=O)Nc2nnc(-c3ccccn3)[nH]2)c1,"['CHEMBL5866398', 'CHEMBL5866398', 'CHEMBL5866398', 'CHEMBL5866398']","[5.1249387366083, 5.1249387366083, 5.1249387366083, 5.1249387366083]","[7500.0, 7500.0, 7500.0, 7500.0]",4,0.0,CHEMBL5866398,"['CHEMBL5866398', 'CHEMBL5866398', 'CHEMBL5866398']"
Cc1cccc2cccc(-c3ncc4c(N5CC6CCC(C5)N6)nc(OCC56CCCN5CCC6)nc4c3F)c12,"['CHEMBL5988209', 'CHEMBL5988209']","[8.0, 5.536256278752941]","[10.0, 2909.0]",2,2.4637437212470594,CHEMBL5988209,['CHEMBL5988209']
Cc1cccnc1CCOc1nc(N2CC3CCC(C2)N3)c2cnc(-c3cc(O)cc4ccccc34)c(F)c2n1,"['CHEMBL6019240', 'CHEMBL6019240']","[6.362510270487489, 4.938622925806112]","[434.0, 11518.0]",2,1.4238873446813765,CHEMBL6019240,['CHEMBL6019240']
Cc1nccn1CCOc1nc(N2CC3CCC(C2)N3)c2cnc(-c3cc(O)cc4ccccc34)c(F)c2n1,"['CHEMBL5808105', 'CHEMBL5808105']","[7.498940737782249, 5.242452146530756]","[31.7, 5722.0]",2,2.256488591251493,CHEMBL5808105,['CHEMBL5808105']
Cc1nccn1CCOc1nc(N2C[C@H]3C[C@@H](O)[C@@H](C2)N3)c2cnc(-c3cccc4cccc(Cl)c34)c(F)c2n1,"['CHEMBL5814841', 'CHEMBL5814841']","[6.645891560852599, 4.792042657027063]","[226.0, 16142.0]",2,1.8538489038255355,CHEMBL5814841,['CHEMBL5814841']
Cn1cc([C@H]2CN3CCC[C@]3(COc3nc(N4CC5CCC(C4)N5)c4cnc(-c5cccc6cccc(Cl)c56)c(F)c4n3)C2)cn1,"['CHEMBL5942117', 'CHEMBL5942117']","[8.060480747381382, 5.871277715661574]","[8.7, 1345.0]",2,2.189203031719808,CHEMBL5942117,['CHEMBL5942117']
Cn1ccnc1CCOc1nc(N2CC3CCC(C2)N3)c2cnc(-c3cc(O)cc4ccccc34)c(F)c2n1,"['CHEMBL5907046', 'CHEMBL5907046']","[8.022276394711152, 4.987880164195487]","[9.5, 10283.0]",2,3.0343962305156653,CHEMBL5907046,['CHEMBL5907046']
Cn1ccnc1CCOc1nc(N2CC3CCC(C2)N3)c2cnc(-c3cccc4cccc(Cl)c34)c(F)c2n1,"['CHEMBL5842562', 'CHEMBL5842562']","[6.31695296176115, 4.988852639224203]","[482.0, 10260.0]",2,1.3281003225369474,CHEMBL5842562,['CHEMBL5842562']
Cn1ccnc1CCOc1nc(N2C[C@H]3C[C@@H](O)[C@@H](C2)N3)c2cnc(-c3cccc4cccc(Cl)c34)c(F)c2n1,"['CHEMBL5809785', 'CHEMBL5809785']","[7.0034883278458215, 4.978645286918577]","[99.2, 10504.0]",2,2.0248430409272444,CHEMBL5809785,['CHEMBL5809785']
Cn1nccc1COc1nc(N2CC3CCC(C2)N3)c2cnc(-c3cc(O)cc4ccccc34)c(F)c2n1,"['CHEMBL5773558', 'CHEMBL5773558']","[6.140861702705469, 5.086504040382876]","[723.0, 8194.0]",2,1.0543576623225928,CHEMBL5773558,['CHEMBL5773558']
FCC1CCC2(COc3nc(N4CC5CCC(C4)N5)c4cnc(-c5cccc6ccccc56)c(F)c4n3)CCCN12,"['CHEMBL5972707', 'CHEMBL5972707']","[8.67778070526608, 6.338187314462739]","[2.1, 459.0]",2,2.3395933908033415,CHEMBL5972707,['CHEMBL5972707']
FCCCc1cccc2cccc(-c3ncc4c(N5CC6CCC(C5)N6)nc(OCC56CCCN5CCC6)nc4c3F)c12,"['CHEMBL5796080', 'CHEMBL5796080']","[8.060480747381382, 6.171984935776023]","[8.7, 673.0]",2,1.8884958116053587,CHEMBL5796080,['CHEMBL5796080']
FCCc1cccc2cccc(-c3ncc4c(N5CC6CCC(C5)N6)nc(OCC56CCCN5CCC6)nc4c3F)c12,"['CHEMBL5907534', 'CHEMBL5907534']","[8.494850021680094, 5.96537154337468]","[3.2, 1083.0]",2,2.529478478305414,CHEMBL5907534,['CHEMBL5907534']
Fc1c(-c2c(C(F)(F)F)ccc3[nH]ncc23)ncc2c(N3CC4CCC(C3)N4)nc(OCC34CCCN3CCC4)nc12,"['CHEMBL5943050', 'CHEMBL5943050']","[7.962573502059376, 5.09312646527793]","[10.9, 8070.0]",2,2.8694470367814464,CHEMBL5943050,['CHEMBL5943050']
Fc1c(-c2c(C(F)(F)F)ccc3[nH]ncc23)ncc2c(N3CC4CCC(C3)N4)nc(OCC34CCCN3C[C@H](F)C4)nc12,"['CHEMBL5869638', 'CHEMBL5869638']","[7.982966660701219, 5.791558643561433]","[10.4, 1616.0]",2,2.1914080171397865,CHEMBL5869638,['CHEMBL5869638']
Fc1c(-c2c(OC(F)(F)F)ccc3[nH]ncc23)ncc2c(N3CC4CCC(C3)N4)nc(OCC34CCCN3CCC4)nc12,"['CHEMBL5891360', 'CHEMBL5891360']","[8.187086643357144, 5.835647144215563]","[6.5, 1460.0]",2,2.3514394991415815,CHEMBL5891360,['CHEMBL5891360']
Fc1c(-c2c3ccccc3cc3[nH]ncc23)ncc2c(N3CC4CCC(C3)N4)nc(OCC34CCCN3CCC4)nc12,"['CHEMBL5818508', 'CHEMBL5818508']","[8.292429823902063, 6.274905478918531]","[5.1, 531.0]",2,2.0175243449835323,CHEMBL5818508,['CHEMBL5818508']
Fc1c(-c2cccc(Cl)c2C(F)(F)F)ncc2c(N3CC4CCC(C3)N4)nc(OCC34CCCN3CCC4)nc12,"['CHEMBL6027140', 'CHEMBL6027140']","[8.0268721464003, 6.047207556955907]","[9.4, 897.0]",2,1.9796645894443934,CHEMBL6027140,['CHEMBL6027140']
Fc1c(-c2cccc(Cl)c2C2CC2)ncc2c(N3CC4CCC(C3)N4)nc(OCC34CCCN3CCC4)nc12,"['CHEMBL5797194', 'CHEMBL5797194']","[8.309803919971486, 6.1771783546968955]","[4.9, 665.0]",2,2.1326255652745907,CHEMBL5797194,['CHEMBL5797194']
Fc1c(-c2cccc(Cl)c2C2CC2)ncc2c(N3CC4CCC(C3)N4)nc(OCC34CCCN3C[C@H](F)C4)nc12,"['CHEMBL5861601', 'CHEMBL5861601']","[8.468521082957745, 5.999565922520681]","[3.4, 1001.0]",2,2.468955160437064,CHEMBL5861601,['CHEMBL5861601']
Fc1c(-c2cccc(Cl)c2Cl)ncc2c(N3CC4CCC(C3)N4)nc(OCC34CCCN3CCC4)nc12,"['CHEMBL6005404', 'CHEMBL6005404']","[7.453457336521869, 5.434742656579786]","[35.2, 3675.0]",2,2.018714679942083,CHEMBL6005404,['CHEMBL6005404']
Fc1c(-c2cccc3c2C(C(F)(F)F)=CCC3)ncc2c(N3CC4CCC(C3)N4)nc(OCC34CCCN3CCC4)nc12,"['CHEMBL5780195', 'CHEMBL5780195']","[7.943095148663527, 5.62745619924093]","[11.4, 2358.0]",2,2.3156389494225973,CHEMBL5780195,['CHEMBL5780195']
Fc1c(-c2cccc3c2CC2CC32)ncc2c(N3CC4CCC(C3)N4)nc(OC[C@@]34CCCN3C[C@H](F)C4)nc12,"['CHEMBL4872788', 'CHEMBL4872788', 'CHEMBL4872788']","[7.696803942579511, 7.696803942579511, 5.787546038959724]","[20.1, 20.1, 1631.0]",3,1.9092579036197872,CHEMBL4872788,"['CHEMBL4872788', 'CHEMBL4872788']"
Fc1c(-c2cccc3c2CCC3)ncc2c(N3CC4CCC(C3)N4)nc(OC[C@@]34CCCN3C[C@H](F)C4)nc12,"['CHEMBL5925566', 'CHEMBL5925566']","[7.035740369803151, 5.157141237554706]","[92.1, 6964.0]",2,1.8785991322484454,CHEMBL5925566,['CHEMBL5925566']
Fc1c(-c2cccc3cccc(Br)c23)ncc2c(N3CC4CCC(C3)N4)nc(OCC34CCCN3CCC4)nc12,"['CHEMBL5798610', 'CHEMBL5798610']","[8.920818753952375, 6.4698003017969175]","[1.2, 339.0]",2,2.4510184521554574,CHEMBL5798610,['CHEMBL5798610']
Fc1c(-c2cccc3cccc(C(F)(F)F)c23)ncc2c(N3CC4CCC(C3)N4)nc(OC[C@@]34CCCN3C[C@H](F)C4)nc12,"['CHEMBL5962849', 'CHEMBL5962849']","[7.293282217663242, 5.556580538217183]","[50.9, 2776.0]",2,1.7367016794460586,CHEMBL5962849,['CHEMBL5962849']
Fc1c(-c2cccc3cccc(C4CC4)c23)ncc2c(N3CC4CCC(C3)N4)nc(OCC34CCCN3CCC4)nc12,"['CHEMBL5793177', 'CHEMBL5793177']","[7.58838029403677, 4.981299501333757]","[25.8, 10440.0]",2,2.6070807927030133,CHEMBL5793177,['CHEMBL5793177']
Fc1c(-c2cccc3cccc(CC(F)F)c23)ncc2c(N3CC4CCC(C3)N4)nc(OCC34CCCN3CCC4)nc12,"['CHEMBL5924437', 'CHEMBL5924437']","[7.899629454882437, 5.3655227298392685]","[12.6, 4310.0]",2,2.534106725043168,CHEMBL5924437,['CHEMBL5924437']
Fc1c(-c2cccc3cccc(Cl)c23)ncc2c(N3CC4CC(F)C(C3)N4)nc(OC[C@@]34CCCN3C[C@H](F)C4)nc12,"['CHEMBL5951297', 'CHEMBL5951297']","[6.684029654543082, 5.0876185010812]","[207.0, 8173.0]",2,1.5964111534618821,CHEMBL5951297,['CHEMBL5951297']
Fc1c(-c2cccc3cccc(Cl)c23)ncc2c(N3CC4CCC(C3)N4)nc(OCC34CC(F)CN3CC(F)C4)nc12,"['CHEMBL5742538', 'CHEMBL5742538']","[7.044793462458058, 5.266481748565512]","[90.2, 5414.0]",2,1.7783117138925455,CHEMBL5742538,['CHEMBL5742538']
Fc1c(-c2cccc3cccc(Cl)c23)ncc2c(N3CC4CCC(C3)N4)nc(OCC34CCCN3CCC4)nc12,"['CHEMBL5192975', 'CHEMBL5192975', 'CHEMBL5192975', 'CHEMBL5192975']","[7.675717544702307, 8.259637310505756, 5.687822643560221, 6.075720713938118]","[21.1, 5.5, 2052.0, 840.0]",4,2.571814666945535,CHEMBL5192975,"['CHEMBL5192975', 'CHEMBL5192975', 'CHEMBL5192975']"
Fc1c(-c2cccc3cccc(Cl)c23)ncc2c(N3CC4CCC(C3)N4)nc(OCC34CCCN3C[C@H](F)C4)nc12,"['CHEMBL5760963', 'CHEMBL5760963']","[7.586700235918748, 5.171018045992077]","[25.9, 6745.0]",2,2.415682189926671,CHEMBL5760963,['CHEMBL5760963']
Fc1c(-c2cccc3cccc(Cl)c23)ncc2c(N3CC4CCC(C3)N4)nc(OC[C@@]34CCCN3C[C@H](F)C4)nc12,"['CHEMBL5867230', 'CHEMBL5867230']","[8.431798275933005, 6.048176964684088]","[3.7, 895.0]",2,2.383621311248917,CHEMBL5867230,['CHEMBL5867230']
Fc1c(-c2cccc3cccc(Cl)c23)ncc2c(N3CC4CCC(C3)N4)nc(OC[C@]34CCCN3C(CCl)CC4)nc12,"['CHEMBL5849932', 'CHEMBL5849932']","[8.494850021680094, 5.875169850586141]","[3.2, 1333.0]",2,2.619680171093953,CHEMBL5849932,['CHEMBL5849932']
Fc1c(-c2cccc3cccc(Cl)c23)ncc2c(N3CC4CCC(C3)N4)nc(OC[C@]34CCCN3C[C@H](c3ccccc3)C4)nc12,"['CHEMBL5865794', 'CHEMBL5865794']","[7.804100347590766, 4.800217406031015]","[15.7, 15841.0]",2,3.003882941559751,CHEMBL5865794,['CHEMBL5865794']
Fc1c(-c2cccc3cccc(Cl)c23)ncc2c(N3CC4CCC(C3)N4)nc(OC[C@]34CCCN3[C@@H](Cn3cccn3)CC4)nc12,"['CHEMBL5792120', 'CHEMBL5792120']","[8.1249387366083, 5.561932549546507]","[7.5, 2742.0]",2,2.5630061870617933,CHEMBL5792120,['CHEMBL5792120']
Fc1c(-c2cccc3cccc(F)c23)ncc2c(N3CC4CCC(C3)N4)nc(OCC34CCCN3CCC4)nc12,"['CHEMBL5996378', 'CHEMBL5996378']","[8.229147988357855, 6.388276691992658]","[5.9, 409.0]",2,1.8408712963651972,CHEMBL5996378,['CHEMBL5996378']
Fc1c(-c2cccc3cccc(OC(F)(F)F)c23)ncc2c(N3CC4CCC(C3)N4)nc(OCC34CCCN3CCC4)nc12,"['CHEMBL5770031', 'CHEMBL5770031']","[7.97469413473523, 5.833273944419949]","[10.6, 1468.0]",2,2.141420190315281,CHEMBL5770031,['CHEMBL5770031']
Fc1c(-c2cccc3cccc(OC(F)F)c23)ncc2c(N3CC4CCC(C3)N4)nc(OCC34CCCN3CCC4)nc12,"['CHEMBL5766832', 'CHEMBL5766832']","[7.978810700930062, 5.869023308394382]","[10.5, 1352.0]",2,2.1097873925356794,CHEMBL5766832,['CHEMBL5766832']
Fc1c(-c2cccc3ccccc23)ncc2c(N3CC4CCC(C3)N4)nc(OCC34CCCN3CCC4)nc12,"['CHEMBL6063821', 'CHEMBL6063821']","[7.534617148551582, 5.4706980022120195]","[29.2, 3383.0]",2,2.063919146339562,CHEMBL6063821,['CHEMBL6063821']
Fc1c(-c2ccccc2C(F)(F)F)ncc2c(N3CC4CCC(C3)N4)nc(OCC34CCCN3CCC4)nc12,"['CHEMBL5887202', 'CHEMBL5887202']","[7.064996848546345, 4.969359805131368]","[86.1, 10731.0]",2,2.0956370434149774,CHEMBL5887202,['CHEMBL5887202']
Fc1c(-c2ccccc2C2CC2)ncc2c(N3CC4CCC(C3)N4)nc(OCC34CCCN3CCC4)nc12,"['CHEMBL5971110', 'CHEMBL5971110']","[7.051098239029786, 5.182963773949972]","[88.9, 6562.0]",2,1.8681344650798142,CHEMBL5971110,['CHEMBL5971110']
Fc1c(-c2ccccc2C2CC2)ncc2c(N3CC4CCC(C3)N4)nc(OC[C@@]34CCCN3C[C@H](F)C4)nc12,"['CHEMBL6019893', 'CHEMBL6019893']","[6.681936665037238, 6.886056647693163]","[208.0, 130.0]",2,0.20411998265592501,CHEMBL6019893,['CHEMBL6019893']
Fc1c(-c2ccccc2OC(F)(F)F)ncc2c(N3CC4CCC(C3)N4)nc(OCC34CCCN3CCC4)nc12,"['CHEMBL5941929', 'CHEMBL5941929']","[6.917214629683549, 4.945770090136603]","[121.0, 11330.0]",2,1.9714445395469467,CHEMBL5941929,['CHEMBL5941929']
Fc1c(-c2cncc3cccc(Cl)c23)ncc2c(N3CC4CCC(C3)N4)nc(OCC34CCCN3C[C@@H](F)C4)nc12,"['CHEMBL6014620', 'CHEMBL6014620']","[7.55129368009492, 5.66094626429086]","[28.1, 2183.0]",2,1.8903474158040598,CHEMBL6014620,['CHEMBL6014620']
Fc1ccc2cccc(-c3ncc4c(N5CC6CCC(C5)N6)nc(OCC56CCCN5CCC6)nc4c3F)c2c1Cl,"['CHEMBL5815995', 'CHEMBL5815995']","[9.0, 6.410050398674292]","[1.0, 389.0]",2,2.589949601325708,CHEMBL5815995,['CHEMBL5815995']
Fc1ccc2cccc(-c3ncc4c(N5CC6CCC(C5)N6)nc(OC[C@@]56CCCN5C[C@H](F)C6)nc4c3F)c2c1Cl,"['CHEMBL5835898', 'CHEMBL5835898']","[8.508638306165727, 5.975925012692574]","[3.1, 1057.0]",2,2.5327132934731527,CHEMBL5835898,['CHEMBL5835898']
Fc1ccc2cccc(-c3ncc4c(N5CC6CCC(C5)N6)nc(OC[C@@]56CCCN5C[C@H](F)C6)nc4c3F)c2c1F,"['CHEMBL5912568', 'CHEMBL5912568']","[9.0, 6.85078088734462]","[1.0, 141.0]",2,2.1492191126553797,CHEMBL5912568,['CHEMBL5912568']
Fc1cccc(-c2ncc3c(N4CC5CCC(C4)N5)nc(OCC45CCCN4CCC5)nc3c2F)c1C(F)(F)F,"['CHEMBL5947767', 'CHEMBL5947767']","[7.882728704344236, 5.7705741520793055]","[13.1, 1696.0]",2,2.11215455226493,CHEMBL5947767,['CHEMBL5947767']
Fc1cccc(-c2ncc3c(N4CC5CCC(C4)N5)nc(OCC45CCCN4CCC5)nc3c2F)c1C1CC1,"['CHEMBL5782738', 'CHEMBL5782738']","[7.534617148551582, 5.849243560139691]","[29.2, 1415.0]",2,1.685373588411891,CHEMBL5782738,['CHEMBL5782738']
Fc1cccc(-c2ncc3c(N4CC5CCC(C4)N5)nc(OCC45CCCN4CCC5)nc3c2F)c1OC(F)F,"['CHEMBL5956536', 'CHEMBL5956536']","[7.360513510731414, 5.700492701299512]","[43.6, 1993.0]",2,1.6600208094319013,CHEMBL5956536,['CHEMBL5956536']
N#CC[C@@H]1C[C@@H]2CN(c3nc(OC[C@@]45CCCN4C[C@H](F)C5)nc4c(F)c(-c5cc(O)cc6ccccc56)ncc34)C[C@H]1N2,"['CHEMBL5771268', 'CHEMBL5771268']","[7.6777807052660805, 5.062482107982653]","[21.0, 8660.0]",2,2.6152985972834273,CHEMBL5771268,['CHEMBL5771268']
N#Cc1ccc(COCC(=O)Nc2nc(-c3ccccn3)nc3sccc23)cc1,"['CHEMBL5949944', 'CHEMBL5949944', 'CHEMBL5949944', 'CHEMBL5949944']","[4.688246138944246, 4.688246138944246, 4.688246138944246, 4.688246138944246]","[20500.0, 20500.0, 20500.0, 20500.0]",4,0.0,CHEMBL5949944,"['CHEMBL5949944', 'CHEMBL5949944', 'CHEMBL5949944']"
N#Cc1cccc2cccc(-c3ncc4c(N5CC6CCC(C5)N6)nc(OCC56CCCN5CCC6)nc4c3F)c12,"['CHEMBL5917804', 'CHEMBL5917804']","[7.692503962086787, 5.615109203469446]","[20.3, 2426.0]",2,2.0773947586173414,CHEMBL5917804,['CHEMBL5917804']
Nc1cccc(CCOc2nc(N3CC4CCC(C3)N4)c3cnc(-c4cc(O)cc5ccccc45)c(F)c3n2)n1,"['CHEMBL5839176', 'CHEMBL5839176']","[6.94692155651658, 5.280254507470423]","[113.0, 5245.0]",2,1.6666670490461568,CHEMBL5839176,['CHEMBL5839176']
Nc1nc(N2CC3CCC(C2)N3)c2cnc(-c3cc(O)cc4ccccc34)c(F)c2n1,"['CHEMBL5906656', 'CHEMBL5906656']","[6.570247719997592, 4.868092757225614]","[269.0, 13549.0]",2,1.7021549627719788,CHEMBL5906656,['CHEMBL5906656']
O=C(OC[C@H]1CC[C@@]2(COc3nc(N4CC5CCC(C4)N5)c4cnc(-c5cccc6cccc(Cl)c56)c(F)c4n3)CCCN12)N1CCCC1,"['CHEMBL5752074', 'CHEMBL5752074']","[8.494850021680094, 6.795880017344075]","[3.2, 160.0]",2,1.6989700043360187,CHEMBL5752074,['CHEMBL5752074']
O=C(OC[C@H]1CC[C@@]2(COc3nc(N4CC5CCC(C4)N5)c4cnc(-c5cccc6cccc(Cl)c56)c(F)c4n3)CCCN12)N1CCCCC1,"['CHEMBL6002919', 'CHEMBL6002919']","[8.259637310505756, 6.437707135543525]","[5.5, 365.0]",2,1.8219301749622305,CHEMBL6002919,['CHEMBL6002919']
O=C(OC[C@H]1CC[C@@]2(COc3nc(N4CC5CCC(C4)N5)c4cnc(-c5cccc6cccc(Cl)c56)c(F)c4n3)CCCN12)N1CCOCC1,"['CHEMBL5826755', 'CHEMBL5826755']","[8.568636235841012, 6.886056647693163]","[2.7, 130.0]",2,1.6825795881478491,CHEMBL5826755,['CHEMBL5826755']
O=C(O[C@@H]1CN2CCC[C@]2(COc2nc(N3CC4CCC(C3)N4)c3cnc(-c4cccc5cccc(Cl)c45)c(F)c3n2)C1)N1CCOCC1,"['CHEMBL5852825', 'CHEMBL5852825']","[7.316052869248487, 5.399027104313252]","[48.3, 3990.0]",2,1.9170257649352358,CHEMBL5852825,['CHEMBL5852825']
O=C(c1csc2c(O)nc(-c3ccccn3)nc12)N1CCN(Cc2cccc(O)c2)CC1,"['CHEMBL5873415', 'CHEMBL5873415', 'CHEMBL5873415', 'CHEMBL5873415']","[4.688246138944246, 4.688246138944246, 4.688246138944246, 4.688246138944246]","[20500.0, 20500.0, 20500.0, 20500.0]",4,0.0,CHEMBL5873415,"['CHEMBL5873415', 'CHEMBL5873415', 'CHEMBL5873415']"
O=C(c1csc2c(O)nc(-c3ccccn3)nc12)N1CCN(c2ccc(O)c(Cl)c2)CC1,"['CHEMBL5884953', 'CHEMBL5884953', 'CHEMBL5884953', 'CHEMBL5884953']","[4.688246138944246, 4.688246138944246, 4.688246138944246, 4.688246138944246]","[20500.0, 20500.0, 20500.0, 20500.0]",4,0.0,CHEMBL5884953,"['CHEMBL5884953', 'CHEMBL5884953', 'CHEMBL5884953']"
O=C(c1csc2c(O)nc(-c3ccccn3)nc12)N1CCN(c2ccccc2)CC1,"['CHEMBL5926740', 'CHEMBL5926740', 'CHEMBL5926740', 'CHEMBL5926740']","[5.1249387366083, 5.1249387366083, 5.1249387366083, 5.1249387366083]","[7500.0, 7500.0, 7500.0, 7500.0]",4,0.0,CHEMBL5926740,"['CHEMBL5926740', 'CHEMBL5926740', 'CHEMBL5926740']"
O=C(c1csc2c(O)nc(-c3ccccn3)nc12)N1CCNC(c2ccc(O)cc2)C1,"['CHEMBL5981972', 'CHEMBL5981972', 'CHEMBL5981972', 'CHEMBL5981972']","[5.1249387366083, 5.1249387366083, 5.1249387366083, 5.1249387366083]","[7500.0, 7500.0, 7500.0, 7500.0]",4,0.0,CHEMBL5981972,"['CHEMBL5981972', 'CHEMBL5981972', 'CHEMBL5981972']"
O=C(c1csc2c(O)nc(-c3ccccn3)nc12)N1CCOC(c2ccccc2Cl)C1,"['CHEMBL5904679', 'CHEMBL5904679', 'CHEMBL5904679', 'CHEMBL5904679']","[5.1249387366083, 5.1249387366083, 5.1249387366083, 5.1249387366083]","[7500.0, 7500.0, 7500.0, 7500.0]",4,0.0,CHEMBL5904679,"['CHEMBL5904679', 'CHEMBL5904679', 'CHEMBL5904679']"
O=C(c1csc2c(O)nc(-c3ccccn3)nc12)N1CCOC(c2nccs2)C1,"['CHEMBL5886946', 'CHEMBL5886946', 'CHEMBL5886946', 'CHEMBL5886946']","[5.1249387366083, 5.1249387366083, 5.1249387366083, 5.1249387366083]","[7500.0, 7500.0, 7500.0, 7500.0]",4,0.0,CHEMBL5886946,"['CHEMBL5886946', 'CHEMBL5886946', 'CHEMBL5886946']"
O=C1OCCN1C[C@H]1CC[C@@]2(COc3nc(N4CC5CCC(C4)N5)c4cnc(-c5cccc6cccc(Cl)c56)c(F)c4n3)CCCN12,"['CHEMBL6051462', 'CHEMBL6051462']","[7.6020599913279625, 5.934793871945688]","[25.0, 1162.0]",2,1.6672661193822744,CHEMBL6051462,['CHEMBL6051462']
O=c1nc(-c2ccccn2)[nH]c2c1sc1ccccc12,"['CHEMBL5817812', 'CHEMBL5817812', 'CHEMBL5817812', 'CHEMBL5817812']","[4.688246138944246, 4.688246138944246, 4.688246138944246, 4.688246138944246]","[20500.0, 20500.0, 20500.0, 20500.0]",4,0.0,CHEMBL5817812,"['CHEMBL5817812', 'CHEMBL5817812', 'CHEMBL5817812']"
OCC#Cc1cccc2cccc(-c3ncc4c(N5CC6CCC(C5)N6)nc(OCC56CCCN5CCC6)nc4c3F)c12,"['CHEMBL5800892', 'CHEMBL5800892']","[7.903089986991944, 5.069662364262269]","[12.5, 8518.0]",2,2.8334276227296744,CHEMBL5800892,['CHEMBL5800892']
OCC(CO)COc1nc(N2CC3CCC(C2)N3)c2cnc(-c3cccc4cccc(Cl)c34)c(F)c2n1,"['CHEMBL5831259', 'CHEMBL5831259']","[6.323306390375134, 4.9456934341516]","[475.0, 11332.0]",2,1.3776129562235333,CHEMBL5831259,['CHEMBL5831259']
OCC1CCC2(COc3nc(N4CC5CCC(C4)N5)c4cnc(-c5cccc6cccc(Cl)c56)c(F)c4n3)CCCN12,"['CHEMBL6040959', 'CHEMBL6040959']","[8.67778070526608, 5.316862868516993]","[2.1, 4821.0]",2,3.3609178367490875,CHEMBL6040959,['CHEMBL6040959']
OCCc1cccc2cccc(-c3ncc4c(N5CC6CCC(C5)N6)nc(OCC56CCCN5CCC6)nc4c3F)c12,"['CHEMBL5794383', 'CHEMBL5794383']","[8.698970004336019, 5.5300307905000405]","[2.0, 2951.0]",2,3.168939213835978,CHEMBL5794383,['CHEMBL5794383']
OC[C@@H]1CCN1c1nc(N2CC3CCC(C2)N3)c2cnc(-c3cc(O)cc4ccccc34)c(F)c2n1,"['CHEMBL6001577', 'CHEMBL6001577']","[6.690369832574101, 5.389659288547843]","[204.0, 4077.0]",2,1.3007105440262574,CHEMBL6001577,['CHEMBL6001577']
OCc1cccc2cccc(-c3ncc4c(N5CC6CCC(C5)N6)nc(OCC56CCCN5CCC6)nc4c3F)c12,"['CHEMBL5962637', 'CHEMBL5962637']","[7.79317412396815, 5.331893762067269]","[16.1, 4657.0]",2,2.461280361900881,CHEMBL5962637,['CHEMBL5962637']
OCc1ccnc(-c2nc(O)c3c(Cl)csc3n2)c1,"['CHEMBL5762420', 'CHEMBL5762420', 'CHEMBL5762420', 'CHEMBL5762420']","[4.688246138944246, 4.688246138944246, 4.688246138944246, 4.688246138944246]","[20500.0, 20500.0, 20500.0, 20500.0]",4,0.0,CHEMBL5762420,"['CHEMBL5762420', 'CHEMBL5762420', 'CHEMBL5762420']"
OCc1ccnc(-c2nc(O)c3ccsc3n2)c1,"['CHEMBL5785483', 'CHEMBL5785483', 'CHEMBL5785483', 'CHEMBL5785483']","[5.1249387366083, 5.1249387366083, 5.1249387366083, 5.1249387366083]","[7500.0, 7500.0, 7500.0, 7500.0]",4,0.0,CHEMBL5785483,"['CHEMBL5785483', 'CHEMBL5785483', 'CHEMBL5785483']"
O[C@@H]1CC2CN(c3nc(OCC45CCCN4CCC5)nc4c(F)c(-c5cccc6cccc(Cl)c56)ncc34)C[C@H]1N2,"['CHEMBL5804582', 'CHEMBL5804582']","[8.229147988357855, 5.673050005834002]","[5.9, 2123.0]",2,2.5560979825238537,CHEMBL5804582,['CHEMBL5804582']
O[C@@H]1C[C@@H]2CN(c3nc(OC[C@@]45CCCN4C[C@H](F)C5)nc4c(F)c(-c5cccc6cccc(Cl)c56)ncc34)C[C@H]1N2,"['CHEMBL5808588', 'CHEMBL5808588']","[8.161150909262744, 5.962972120244225]","[6.9, 1089.0]",2,2.1981787890185194,CHEMBL5808588,['CHEMBL5808588']
O[C@H]1CN2CCC[C@@]2(COc2nc(N3CC4CCC(C3)N4)c3cnc(-c4cccc5cccc(Cl)c45)c(F)c3n2)C1,"['CHEMBL5796197', 'CHEMBL5796197']","[8.148741651280925, 5.369267107182804]","[7.1, 4273.0]",2,2.7794745440981217,CHEMBL5796197,['CHEMBL5796197']
O[C@H]1CN2CCC[C@]2(COc2nc(N3CC4CCC(C3)N4)c3cnc(-c4cccc5cccc(Cl)c45)c(F)c3n2)C1,"['CHEMBL5742713', 'CHEMBL5742713']","[7.568636235841012, 5.195451691611944]","[27.0, 6376.0]",2,2.373184544229068,CHEMBL5742713,['CHEMBL5742713']
Oc1cc(-c2ncc3c(N4CC5CCC(C4)N5)nc(N4CC5(CCOC5)C4)nc3c2F)c2ccccc2c1,"['CHEMBL5747038', 'CHEMBL5747038']","[6.882728704344236, 5.130005999878258]","[131.0, 7413.0]",2,1.7527227044659774,CHEMBL5747038,['CHEMBL5747038']
Oc1cc(-c2ncc3c(N4CC5CCC(C4)N5)nc(N4CC5(CCOCC5)C4)nc3c2F)c2ccccc2c1,"['CHEMBL6024085', 'CHEMBL6024085']","[6.7258421507363195, 5.262409833714278]","[188.0, 5465.0]",2,1.4634323170220416,CHEMBL6024085,['CHEMBL6024085']
Oc1cc(-c2ncc3c(N4CC5CCC(C4)N5)nc(N4CCC4)nc3c2F)c2ccccc2c1,"['CHEMBL6050062', 'CHEMBL6050062']","[6.164943898279883, 5.431798275933005]","[684.0, 3700.0]",2,0.7331456223468784,CHEMBL6050062,['CHEMBL6050062']
Oc1cc(-c2ncc3c(N4CC5CCC(C4)N5)nc(OC4CCOCC4)nc3c2F)c2ccccc2c1,"['CHEMBL5934418', 'CHEMBL5934418']","[6.289882634888183, 5.139003563242804]","[513.0, 7261.0]",2,1.1508790716453792,CHEMBL5934418,['CHEMBL5934418']
Oc1cc(-c2ncc3c(N4CC5CCC(C4)N5)nc(OCC(F)(F)C(F)F)nc3c2F)c2ccccc2c1,"['CHEMBL5803405', 'CHEMBL5803405']","[6.497572880015568, 5.076755981369724]","[318.0, 8380.0]",2,1.4208168986458443,CHEMBL5803405,['CHEMBL5803405']
Oc1cc(-c2ncc3c(N4CC5CCC(C4)N5)nc(OCC(F)(F)F)nc3c2F)c2ccccc2c1,"['CHEMBL6014784', 'CHEMBL6014784']","[6.362510270487489, 5.311936303053656]","[434.0, 4876.0]",2,1.0505739674338326,CHEMBL6014784,['CHEMBL6014784']
Oc1cc(-c2ncc3c(N4CC5CCC(C4)N5)nc(OCC4(C(F)(F)F)CC4)nc3c2F)c2ccccc2c1,"['CHEMBL5847248', 'CHEMBL5847248']","[6.534617148551582, 4.918400687267064]","[292.0, 12067.0]",2,1.6162164612845178,CHEMBL5847248,['CHEMBL5847248']
Oc1cc(-c2ncc3c(N4CC5CCC(C4)N5)nc(OCC45CCCN4C(CF)CC5)nc3c2F)c2c(Cl)cccc2c1,"['CHEMBL5793644', 'CHEMBL5793644']","[8.3767507096021, 6.583359492661719]","[4.2, 261.0]",2,1.79339121694038,CHEMBL5793644,['CHEMBL5793644']
Oc1cc(-c2ncc3c(N4CC5CCC(C4)N5)nc(OCC45CCCN4C(CF)CC5)nc3c2F)c2ccccc2c1,"['CHEMBL4855757', 'CHEMBL4855757', 'CHEMBL4855757']","[10.0, 8.619788758288394, 6.400116927926312]","[0.1, 2.4, 398.0]",3,3.5998830720736876,CHEMBL4855757,"['CHEMBL4855757', 'CHEMBL4855757']"
Oc1cc(-c2ncc3c(N4CC5CCC(C4)N5)nc(OCC45CCCN4CCC5)nc3c2F)c2c(Cl)c(F)ccc2c1,"['CHEMBL4857719', 'CHEMBL4857719', 'CHEMBL4857719']","[9.301029995663981, 9.301029995663981, 7.6307841425898575]","[0.5, 0.5, 23.4]",3,1.6702458530741238,CHEMBL4857719,"['CHEMBL4857719', 'CHEMBL4857719']"
Oc1cc(-c2ncc3c(N4CC5CCC(C4)N5)nc(OCC45CCCN4CCC5)nc3c2F)c2c(Cl)cccc2c1,"['CHEMBL4859236', 'CHEMBL4859236', 'CHEMBL4859236']","[9.397940008672037, 9.397940008672037, 6.96657624451305]","[0.4, 0.4, 108.0]",3,2.431363764158988,CHEMBL4859236,"['CHEMBL4859236', 'CHEMBL4859236']"
Oc1cc(-c2ncc3c(N4CC5CCC(C4)N5)nc(OCC45CCCN4CCC5)nc3c2F)c2c(F)cccc2c1,"['CHEMBL5883487', 'CHEMBL5883487']","[9.154901959985743, 6.950781977329818]","[0.7, 112.0]",2,2.204119982655925,CHEMBL5883487,['CHEMBL5883487']
Oc1cc(-c2ncc3c(N4CC5CCC(C4)N5)nc(OCC45CCCN4CCC5)nc3c2F)c2ccccc2c1,"['CHEMBL5948638', 'CHEMBL5948638']","[9.301029995663981, 6.481486060122112]","[0.5, 330.0]",2,2.819543935541869,CHEMBL5948638,['CHEMBL5948638']
Oc1cc(-c2ncc3c(N4CC5CCC(C4)N5)nc(OCC45CCCN4C[C@H](F)C5)nc3c2F)c2c(Cl)cccc2c1,"['CHEMBL5976367', 'CHEMBL5976367']","[8.602059991327963, 7.928117992693874]","[2.5, 11.8]",2,0.6739419986340884,CHEMBL5976367,['CHEMBL5976367']
Oc1cc(-c2ncc3c(N4CC5CCC(C4)N5)nc(OCC45CCCN4C[C@H](F)C5)nc3c2F)c2ccccc2c1,"['CHEMBL5877093', 'CHEMBL5877093']","[9.045757490560675, 7.292429823902063]","[0.9, 51.0]",2,1.7533276666586115,CHEMBL5877093,['CHEMBL5877093']
Oc1cc(-c2ncc3c(N4CC5CCC(C4)N5)nc(OCCC(F)(F)F)nc3c2F)c2c(Cl)cccc2c1,"['CHEMBL5765688', 'CHEMBL5765688']","[7.117475462045119, 5.120388092934149]","[76.3, 7579.0]",2,1.9970873691109698,CHEMBL5765688,['CHEMBL5765688']
Oc1cc(-c2ncc3c(N4CC5CCC(C4)N5)nc(OCCC(F)(F)F)nc3c2F)c2ccccc2c1,"['CHEMBL5822412', 'CHEMBL5822412']","[6.815308569182401, 5.081550257598842]","[153.0, 8288.0]",2,1.7337583115835589,CHEMBL5822412,['CHEMBL5822412']
Oc1cc(-c2ncc3c(N4CC5CCC(C4)N5)nc(OCCCN4CCOCC4)nc3c2F)c2ccccc2c1,"['CHEMBL5748258', 'CHEMBL5748258']","[7.298432014944073, 5.7237680420781665]","[50.3, 1889.0]",2,1.5746639728659062,CHEMBL5748258,['CHEMBL5748258']
Oc1cc(-c2ncc3c(N4CC5CCC(C4)N5)nc(OCCCN4C[C@@H]5CC4CO5)nc3c2F)c2ccccc2c1,"['CHEMBL5938732', 'CHEMBL5938732']","[8.102372908709558, 5.539102157243452]","[7.9, 2890.0]",2,2.5632707514661064,CHEMBL5938732,['CHEMBL5938732']
Oc1cc(-c2ncc3c(N4CC5CCC(C4)N5)nc(OCCN4C[C@@H]5CC4CO5)nc3c2F)c2ccccc2c1,"['CHEMBL5848663', 'CHEMBL5848663']","[7.375717904164332, 5.368251925603431]","[42.1, 4283.0]",2,2.0074659785609006,CHEMBL5848663,['CHEMBL5848663']
Oc1cc(-c2ncc3c(N4CC5CCC(C4)N5)nc(OCCc4ccc(F)cn4)nc3c2F)c2ccccc2c1,"['CHEMBL5756311', 'CHEMBL5756311']","[7.018634490921455, 5.099305225547602]","[95.8, 7956.0]",2,1.919329265373853,CHEMBL5756311,['CHEMBL5756311']
Oc1cc(-c2ncc3c(N4CC5CCC(C4)N5)nc(OCCc4ccccn4)nc3c2F)c2ccccc2c1,"['CHEMBL6007936', 'CHEMBL6007936']","[6.304518323509802, 5.069050968832477]","[496.0, 8530.0]",2,1.2354673546773247,CHEMBL6007936,['CHEMBL6007936']
Oc1cc(-c2ncc3c(N4CC5CCC(C4)N5)nc(OCCc4cccnc4)nc3c2F)c2ccccc2c1,"['CHEMBL5793869', 'CHEMBL5793869']","[6.806875401645538, 5.509199047989145]","[156.0, 3096.0]",2,1.2976763536563931,CHEMBL5793869,['CHEMBL5793869']
Oc1cc(-c2ncc3c(N4CC5CCC(C4)N5)nc(OC[C@@H]4CC5CCN4C5)nc3c2F)c2ccccc2c1,"['CHEMBL5806757', 'CHEMBL5806757']","[8.397940008672037, 5.372429335819457]","[4.0, 4242.0]",2,3.0255106728525805,CHEMBL5806757,['CHEMBL5806757']
Oc1cc(-c2ncc3c(N4CC5CCC(C4)N5)nc(OC[C@@H]4CCCN4)nc3c2F)c2ccccc2c1,"['CHEMBL6051701', 'CHEMBL6051701']","[8.602059991327963, 4.812366490049307]","[2.5, 15404.0]",2,3.7896935012786557,CHEMBL6051701,['CHEMBL6051701']
Oc1cc(-c2ncc3c(N4CC5CCC(C4)N5)nc(OC[C@@]45CCCN4C[C@H](F)C5)nc3c2F)c2c(Cl)cccc2c1,"['CHEMBL4857438', 'CHEMBL4857438', 'CHEMBL4857438']","[9.698970004336019, 9.698970004336019, 7.987162775294828]","[0.2, 0.2, 10.3]",3,1.7118072290411908,CHEMBL4857438,"['CHEMBL4857438', 'CHEMBL4857438']"
Oc1cc(-c2ncc3c(N4CC5CCC(C4)N5)nc(OC[C@@]45CCCN4C[C@H](F)C5)nc3c2F)c2c(F)c(F)ccc2c1,"['CHEMBL4874297', 'CHEMBL4874297', 'CHEMBL4874297']","[9.221848749616356, 9.221848749616356, 9.0]","[0.6, 0.6, 1.0]",3,0.22184874961635614,CHEMBL4874297,"['CHEMBL4874297', 'CHEMBL4874297']"
Oc1cc(-c2ncc3c(N4CC5CCC(C4)N5)nc(OC[C@@]45CCCN4C[C@H](F)C5)nc3c2F)c2c(F)cccc2c1,"['CHEMBL5856093', 'CHEMBL5856093', 'CHEMBL5856093', 'CHEMBL5856093']","[9.154901959985743, 9.301029995663981, 8.309803919971486, 8.154901959985743]","[0.7, 0.5, 4.9, 7.0]",4,1.1461280356782382,CHEMBL5856093,"['CHEMBL5856093', 'CHEMBL5856093', 'CHEMBL5856093']"
Oc1cc(-c2ncc3c(N4CC5CCC(C4)N5)nc(OC[C@@]45CCCN4C[C@H](F)C5)nc3c2F)c2ccccc2c1,"['CHEMBL5170279', 'CHEMBL5170279']","[8.721246399047171, 7.503070351926786]","[1.9, 31.4]",2,1.2181760471203855,CHEMBL5170279,['CHEMBL5170279']
Oc1cc(-c2ncc3c(N4CC5CCC(C4)N5)nc(OC[C@]45CCCN4C[C@@H](F)C5)nc3c2F)c2ccccc2c1,"['CHEMBL6042242', 'CHEMBL6042242']","[8.721246399047171, 6.913640169325252]","[1.9, 122.0]",2,1.8076062297219195,CHEMBL6042242,['CHEMBL6042242']
Oc1cc(-c2ncc3c(N4CC5CCC(C4)N5)ncnc3c2F)c2ccccc2c1,"['CHEMBL5089026', 'CHEMBL5089026']","[6.242603971206975, 4.891468801142131]","[572.0, 12839.0]",2,1.3511351700648442,CHEMBL5089026,['CHEMBL5089026']
Oc1cc(-c2ncc3c(N4CCCC5(CC(O)C5)C4)nc(OC[C@@]45CCCN4C[C@H](F)C5)nc3c2F)c2c(F)c(F)ccc2c1,"['CHEMBL5286121', 'CHEMBL5286121']","[8.698970004336019, 8.698970004336019]","[2.0, 2.0]",2,0.0,CHEMBL5286121,['CHEMBL5286121']
Oc1cc(-c2ncc3c(N4CCCC5(CCO5)C4)nc(OC[C@@]45CCCN4C[C@H](F)C5)nc3c2F)c2c(F)c(F)ccc2c1,"['CHEMBL5269272', 'CHEMBL5269272']","[9.0, 8.698970004336019]","[1.0, 2.0]",2,0.30102999566398125,CHEMBL5269272,['CHEMBL5269272']
Oc1cc(-c2ncc3c(N4CCC[C@]5(CCO5)C4)nc(OC[C@@]45CCCN4C[C@H](F)C5)nc3c2F)c2c(Cl)c(F)ccc2c1,"['CHEMBL5265862', 'CHEMBL5265862']","[9.0, 9.0]","[1.0, 1.0]",2,0.0,CHEMBL5265862,['CHEMBL5265862']
Oc1cc(Cl)c(C(F)(F)F)c(-c2ncc3c(N4CC5CCC(C4)N5)nc(OC[C@@]45CCCN4C[C@H](F)C5)nc3c2F)c1,"['CHEMBL5741049', 'CHEMBL5741049']","[10.0, 7.7594507517174005]","[0.1, 17.4]",2,2.2405492482825995,CHEMBL5741049,['CHEMBL5741049']
Oc1cc(Cl)c(C2CC2)c(-c2ncc3c(N4CC5CCC(C4)N5)nc(OC[C@@]45CCCN4C[C@H](F)C5)nc3c2F)c1,"['CHEMBL5953832', 'CHEMBL5953832', 'CHEMBL5953832', 'CHEMBL5953832']","[9.154901959985743, 9.0, 8.154901959985743, 7.106238237942057]","[0.7, 1.0, 7.0, 78.3]",4,2.0486637220436865,CHEMBL5953832,"['CHEMBL5953832', 'CHEMBL5953832', 'CHEMBL5953832']"
Oc1cc(Cl)c(C2CC2)c(-c2ncc3c(N4CCCC5(CCO5)C4)nc(OC[C@@]45CCCN4C[C@H](F)C5)nc3c2F)c1,"['CHEMBL5290459', 'CHEMBL5290459']","[9.0, 8.698970004336019]","[1.0, 2.0]",2,0.30102999566398125,CHEMBL5290459,['CHEMBL5290459']
Oc1ccc(C(F)(F)F)c(-c2ncc3c(N4CC5CCC(C4)N5)nc(OC[C@@]45CCCN4C[C@H](F)C5)nc3c2F)c1,"['CHEMBL6025906', 'CHEMBL6025906']","[8.769551078621726, 5.882728704344236]","[1.7, 1310.0]",2,2.8868223742774903,CHEMBL6025906,['CHEMBL6025906']
Oc1ccc(CC(F)(F)F)c(-c2ncc3c(N4CC5CCC(C4)N5)nc(OC[C@@]45CCCN4C[C@H](F)C5)nc3c2F)c1,"['CHEMBL5781105', 'CHEMBL5781105']","[8.301029995663981, 6.166852888087215]","[5.0, 681.0]",2,2.1341771075767664,CHEMBL5781105,['CHEMBL5781105']
Oc1ccc(OC(F)(F)F)c(-c2ncc3c(N4CC5CCC(C4)N5)nc(OCC45CCCN4CCC5)nc3c2F)c1,"['CHEMBL5932673', 'CHEMBL5932673']","[9.154901959985743, 6.07727454200674]","[0.7, 837.0]",2,3.077627417979003,CHEMBL5932673,['CHEMBL5932673']
Oc1ccc(OC(F)(F)F)c(-c2ncc3c(N4CC5CCC(C4)N5)nc(OCC45CCCN4C[C@H](F)C5)nc3c2F)c1,"['CHEMBL5776467', 'CHEMBL5776467']","[9.397940008672037, 7.288192770958809]","[0.4, 51.5]",2,2.1097472377132283,CHEMBL5776467,['CHEMBL5776467']
Oc1ccc(SC(F)(F)F)c(-c2ncc3c(N4CC5CCC(C4)N5)nc(OC[C@@]45CCCN4C[C@H](F)C5)nc3c2F)c1,"['CHEMBL5867698', 'CHEMBL5867698']","[8.698970004336019, 6.494850021680094]","[2.0, 320.0]",2,2.204119982655925,CHEMBL5867698,['CHEMBL5867698']
Oc1nc(-c2ccccn2)nc2sccc12,"['CHEMBL5825935', 'CHEMBL5825935', 'CHEMBL5825935', 'CHEMBL5825935']","[4.688246138944246, 4.688246138944246, 4.688246138944246, 4.688246138944246]","[20500.0, 20500.0, 20500.0, 20500.0]",4,0.0,CHEMBL5825935,"['CHEMBL5825935', 'CHEMBL5825935', 'CHEMBL5825935']"
c1ccc2c(-c3cc4nc(OCC56CCCN5CCC6)nc(N5CC6CCC(C5)N6)c4cn3)cccc2c1,"['CHEMBL5944337', 'CHEMBL5944337']","[6.412289034981089, 4.807767177075723]","[387.0, 15568.0]",2,1.6045218579053655,CHEMBL5944337,['CHEMBL5944337']
